Date,AAPL,AMZN,FB,GOOG,MSFT,YHOO
12/31/15,104.691918,675.890015,104.660004,758.880005,55.084498,33.259998
12/30/15,106.740798,689.070007,106.220001,771,55.908583,33.369999
12/29/15,108.153132,693.969971,107.260002,776.599976,56.14687,34.040001
12/28/15,106.243496,675.200012,105.93,762.51001,55.551149,33.599998
12/24/15,107.446965,662.789978,105.019997,748.400024,55.273143,34.110001
12/23/15,108.023837,663.700012,104.629997,750.309998,55.422075,34.450001
12/22/15,106.651287,663.150024,105.510002,750,54.955424,34.189999
12/21/15,106.750746,664.51001,104.769997,747.77002,54.439134,32.970001
12/18/15,105.457759,664.140015,104.040001,739.309998,53.744124,32.950001
12/17/15,108.391842,670.650024,106.220001,749.429993,55.302931,33.23
12/16/15,110.739099,675.77002,106.790001,758.090027,55.729866,33.779999
12/15/15,109.893688,658.640015,104.550003,743.400024,54.806496,33.029999
12/14/15,111.872953,657.909973,104.660004,747.77002,54.746922,32.59
12/11/15,112.569172,640.150024,102.120003,738.869995,53.674623,32.91
12/10/15,115.543033,662.320007,105.419998,749.460022,54.875996,34.630001
12/9/15,114.996006,664.789978,104.599998,751.609985,54.588063,34.400002
12/8/15,117.591921,677.330017,106.489998,762.369995,55.39229,34.849998
12/7/15,117.641646,669.830017,105.610001,763.25,55.412148,34.68
12/4/15,118.387598,672.640015,106.18,766.809998,55.511433,34.91
12/3/15,114.578267,666.25,104.379997,752.539978,53.813624,34.34
12/2/15,115.65244,676.01001,106.07,762.380005,54.816423,35.650002
12/1/15,116.706717,679.059998,107.120003,767.039978,54.826354,33.709999
11/30/15,117.661542,664.799988,104.239998,742.599976,53.962553,33.810001
11/27/15,117.174181,673.26001,105.449997,750.26001,53.545549,32.939999
11/25/15,117.392995,675.340027,105.410004,748.150024,53.307258,33.16
11/24/15,118.238406,671.150024,105.739998,748.280029,53.863267,32.959999
11/23/15,117.114508,678.98999,106.949997,755.97998,53.803694,33.360001
11/20/15,118.656145,668.450012,107.32,756.599976,53.803694,33.110001
11/19/15,118.138948,661.27002,106.260002,738.409973,53.555476,32.630001
11/18/15,116.656991,663.539978,107.769997,740,53.466117,32.98
11/17/15,113.076422,643.299988,105.129997,725.299988,52.592393,32.860001
11/16/15,113.563775,647.809998,104.040001,728.960022,53.029255,32.950001
11/13/15,111.733702,642.349976,103.949997,717,52.112067,32.189999
11/12/15,115.095465,665.599976,108.019997,731.22998,52.585454,33.23
11/11/15,115.483359,673.25,109.010002,735.400024,52.910909,33.380001
11/10/15,116.139793,659.679993,107.910004,728.320007,52.772835,33.990002
11/9/15,119.919288,655.48999,106.489998,724.890015,53.413882,33.68
11/6/15,120.406641,659.369995,107.099998,733.76001,54.16341,34.200001
11/5/15,120.267398,655.650024,108.760002,731.25,53.630852,35.119999
11/4/15,120.824373,640.950012,103.940002,728.109985,53.650577,35.07
11/3/15,121.388881,625.309998,102.580002,722.159973,53.404021,34.720001
11/2/15,120.012276,628.349976,103.309998,721.109985,52.506558,35.27
10/30/15,118.348464,625.900024,101.970001,710.809998,51.914821,35.619999
10/29/15,119.368538,626.549988,104.879997,716.919983,52.624903,35.049999
10/28/15,118.120677,617.099976,104.199997,712.950012,53.236361,35.189999
10/27/15,113.446167,611.01001,103.699997,708.48999,52.950355,34.299999
10/26/15,114.169128,608.609985,103.769997,712.780029,53.502642,33.400002
10/23/15,117.932513,599.030029,102.190002,702,52.141652,33.169998
10/22/15,114.387009,563.909973,99.669998,651.789978,47.368329,31.67
10/21/15,112.663779,555.77002,97.110001,642.609985,46.549765,31.120001
10/20/15,112.673677,560.880005,97,650.280029,47.111912,32.830002
10/19/15,110.653341,573.150024,98.470001,666.099976,46.963977,33.5
10/16/15,109.969988,570.76001,97.540001,662.200012,46.855492,33.369999
10/15/15,110.782086,562.440002,95.959999,661.73999,46.36238,33.48
10/14/15,109.147984,544.830017,94.07,651.159973,46.036928,32.09
10/13/15,110.712761,548.900024,94.120003,652.299988,46.244034,32.34
10/12/15,110.524589,550.190002,94.260002,646.669983,46.352519,32.860001
10/9/15,111.039583,539.799988,93.239998,643.609985,46.461005,32.52
10/8/15,108.444827,533.159973,92.470001,639.159973,46.796321,32.369999
10/7/15,109.712491,541.940002,92.400002,642.359985,46.155274,31.870001
10/6/15,110.237383,537.47998,92.800003,645.440002,46.105963,30.959999
10/5/15,109.712491,543.679993,94.010002,641.469971,45.987618,30.85
10/2/15,109.316344,532.539978,92.07,626.909973,44.942219,30.709999
10/1/15,108.524058,520.719971,90.949997,611.289978,43.995445,28.91
9/30/15,109.237121,511.890015,89.900002,608.419983,43.650264,28.91
9/29/15,108.009065,496.070007,86.669998,594.969971,42.841561,28.26
9/28/15,111.356499,504.059998,89.209999,594.890015,42.69363,27.6
9/25/15,113.604621,524.25,92.769997,611.969971,43.334673,29.129999
9/24/15,113.891827,533.75,94.410004,625.799988,43.305088,29.34
9/23/15,113.21838,536.070007,93.970001,622.359985,43.265638,29.74
9/22/15,112.307247,538.400024,92.959999,622.690002,43.295227,30.4
9/21/15,114.099803,548.390015,95.550003,635.440002,43.502333,31.17
9/18/15,112.356761,540.26001,94.400002,629.25,42.881011,30.74
9/17/15,112.822233,538.869995,94.339996,642.900024,43.640404,30.93
9/16/15,115.288244,527.390015,93.449997,635.97998,43.689714,31.4
9/15/15,115.159492,522.369995,92.900002,635.140015,43.374123,31.040001
9/14/15,114.198838,521.380005,92.309998,623.23999,42.447074,30.32
9/11/15,113.109439,529.440002,92.050003,625.77002,42.881011,31.43
9/10/15,111.485243,522.23999,91.980003,621.349976,42.69363,31.15
9/9/15,109.088565,516.890015,90.440002,612.719971,42.476659,31.52
9/8/15,111.227747,517.539978,89.529999,614.659973,43.285363,30.9
9/4/15,108.21704,499,88.260002,600.700012,42.022997,31.58
9/3/15,109.306446,504.720001,88.150002,606.25,42.900736,32.540001
9/2/15,111.257456,510.549988,89.889999,614.340027,42.762665,31.77
9/1/15,106.681981,496.540009,87.230003,597.789978,41.24388,31.6
8/31/15,111.673415,512.890015,89.43,618.25,42.920461,32.240002
8/28/15,112.198306,518.01001,91.010002,630.380005,43.324813,33.139999
8/27/15,111.831869,518.369995,89.730003,637.609985,43.295227,33.689999
8/26/15,108.632999,500.769989,87.190002,628.619995,42.121618,32.52
8/25/15,102.74033,466.369995,83,582.059998,39.912479,31.74
8/24/15,102.126309,463.369995,82.089996,589.609985,41.105809,31.309999
8/21/15,104.740869,494.470001,86.059998,612.47998,42.476659,32.93
8/20/15,111.564474,515.780029,90.559998,646.830017,45.030979,34.099998
8/19/15,113.901733,532.919983,95.309998,660.900024,45.967893,35.189999
8/18/15,115.377373,535.02002,95.169998,656.130005,46.6188,35.689999
8/17/15,116.031017,535.219971,93.93,660.869995,46.362381,36.099998
8/14/15,114.842576,531.52002,94.419998,657.119995,46.048857,36.240002
8/13/15,114.040384,529.659973,93.43,656.450012,45.78432,35.93
8/12/15,114.129513,525.909973,94.190002,659.559998,45.79412,34.490002
8/11/15,112.396376,527.460022,93.620003,660.780029,45.470797,36.029999
8/10/15,118.566345,524,94.150002,633.72998,46.37218,37.150002
8/7/15,114.406813,522.619995,94.300003,635.299988,45.79412,36.669998
8/6/15,114.020572,529.460022,95.120003,642.679993,45.676546,36.459999
8/5/15,113.772984,537.01001,96.440002,643.780029,46.617121,37.25
8/4/15,113.023697,531.900024,94.059998,629.25,46.57793,37.119999
8/3/15,116.770124,535.030029,94.139999,631.210022,45.862703,36.689999
7/31/15,119.589801,536.150024,94.010002,625.609985,45.754929,36.669998
7/30/15,120.644715,536.76001,95.209999,632.590027,45.931286,37.419998
7/29/15,121.255969,529,96.989998,631.929993,45.353226,37.669998
7/28/15,121.64047,526.030029,95.290001,628,44.422451,37.720001
7/27/15,121.03907,531.409973,94.169998,627.26001,44.432247,37.84
7/24/15,122.744682,529.419983,96.949997,623.559998,45.010307,38.849998
7/23/15,123.39538,482.179993,95.440002,644.280029,45.176868,39.209999
7/22/15,123.454532,488.269989,97.040001,662.099976,44.618404,39.240002
7/21/15,128.906563,488,98.389999,662.299988,46.323189,39.73
7/20/15,130.20796,488.100006,97.910004,663.02002,45.970474,39.540001
7/17/15,127.79249,483.01001,94.970001,672.929993,45.676546,39.68
7/16/15,126.69814,475.480011,90.849998,579.849976,45.715737,38.91
7/15/15,125.031972,461.190002,89.760002,560.219971,44.833949,38.380001
7/14/15,123.839032,465.570007,89.68,561.099976,44.696783,38.630001
7/13/15,123.888331,455.570007,90.099998,546.549988,44.618404,38.759998
7/10/15,121.541881,443.51001,87.949997,530.130005,43.707224,37.919998
7/9/15,118.37714,434.390015,85.879997,520.679993,43.619045,37.610001
7/8/15,120.841892,429.700012,85.650002,516.830017,43.344713,37.23
7/7/15,123.917906,436.720001,87.220001,525.02002,43.403496,38.23
7/6/15,124.223533,436.040009,87.550003,522.859985,43.491675,38.610001
7/2/15,124.657332,437.709991,87.290001,523.400024,43.501475,39.380001
7/1/15,124.815072,437.390015,86.910004,521.840027,43.550462,39.330002
6/30/15,123.66157,434.089996,85.769997,520.51001,43.256534,39.290001
6/29/15,122.774258,429.859985,85.800003,521.52002,43.472079,38.91
6/26/15,124.962959,438.100006,88.010002,531.690002,44.344068,40.060001
6/25/15,125.702385,440.100006,87.980003,535.22998,44.726178,41.07
6/24/15,126.303785,440.839996,88.860001,537.840027,44.716379,40.939999
6/23/15,125.23901,445.98999,87.879997,540.47998,44.980915,40.650002
6/22/15,125.810835,436.290009,84.739998,538.190002,45.294439,40.73
6/19/15,124.815072,434.920013,82.510002,536.690002,45.167069,40.509998
6/18/15,126.077025,439.390015,82.910004,536.72998,45.774524,40.91
6/17/15,125.505208,427.809998,81.790001,529.26001,45.039702,40.959999
6/16/15,125.800973,427.26001,81.059998,528.150024,44.902536,40.639999
6/15/15,125.13056,423.670013,80.709999,527.200012,44.559617,40.470001
6/12/15,125.377036,429.920013,81.529999,532.330017,45.039702,40.529999
6/11/15,126.777013,432.970001,81.830002,534.609985,45.500188,40.939999
6/10/15,127.062933,430.769989,82.160004,536.690002,45.66675,42.060001
6/9/15,125.623511,425.480011,80.669998,526.690002,44.726178,41.630001
6/8/15,125.998158,423.5,80.669998,526.830017,44.804558,42.009998
6/5/15,126.836165,426.950012,82.139999,533.330017,45.20626,42.810001
6/4/15,127.536161,430.779999,82.050003,536.700012,45.421809,42.880001
6/3/15,128.285441,436.589996,82.440002,540.309998,45.901891,43.209999
6/2/15,128.127708,430.98999,80.440002,539.179993,45.970474,43.150002
6/1/15,128.699517,430.920013,80.290001,533.98999,46.274202,43.349998
5/29/15,128.443189,429.230011,79.190002,532.109985,45.911691,42.939999
5/28/15,129.92204,426.570007,80.150002,539.780029,46.489751,43.07
5/27/15,130.178369,431.420013,80.550003,539.789978,46.646513,43.380001
5/26/15,127.79249,425.470001,79.330002,532.320007,45.647154,42.849998
5/22/15,130.67132,427.630005,80.540001,540.109985,45.950882,43.490002
5/21/15,129.537539,431.630005,80.480003,542.51001,46.460355,43.68
5/20/15,128.226289,423.859985,80.550003,539.27002,46.617121,42.790001
5/19/15,128.236158,421.709991,80.629997,537.359985,46.617121,40.98
5/18/15,128.354461,425.23999,80.879997,532.299988,46.734689,44.360001
5/15/15,126.954483,426,80.419998,533.849976,47.016987,44.75
5/14/15,127.131938,432.279999,81.370003,538.400024,47.425832,44.950001
5/13/15,124.233394,426.869995,78.440002,529.619995,46.364786,44.400002
5/12/15,124.095369,431.019989,77.459999,529.039978,46.092221,43.84
5/11/15,124.539021,432.850006,78.010002,535.700012,46.11169,43.599998
5/8/15,125.820696,433.690002,78.510002,538.219971,46.481597,44.09
5/7/15,123.493969,426.880005,78.43,530.700012,45.45949,43.869999
5/6/15,122.73483,419.100006,78.099998,524.219971,45.050644,41.66
5/5/15,123.510453,421.190002,77.559998,530.799988,46.33558,41.299999
5/4/15,126.357667,423.040009,78.809998,540.780029,46.958583,42.040001
5/1/15,126.603117,422.869995,78.989998,537.900024,47.367425,42.509998
4/30/15,122.872281,421.779999,78.769997,537.340027,47.347955,42.57
4/29/15,126.298762,429.369995,80.470001,549.080017,47.756801,43.279999
4/28/15,128.183816,429.309998,80.68,553.679993,47.854143,44.34
4/27/15,130.235775,438.559998,81.910004,555.369995,46.754158,44.360001
4/24/15,127.908913,445.100006,81.529999,565.062561,46.598409,44.52
4/23/15,127.310014,389.98999,82.410004,547.002472,42.188742,43.700001
4/22/15,126.279121,389.799988,84.629997,539.367458,41.848041,43.98
4/21/15,124.600252,391.179993,83.620003,533.972413,41.507336,44.490002
4/20/15,125.277689,389.51001,83.089996,535.382408,41.770164,44.66
4/17/15,122.47956,375.559998,80.779999,524.052386,40.51443,44.450001
4/16/15,123.873714,386.040009,82.309998,533.802391,41.040087,45.779999
4/15/15,124.472613,383.450012,82.709999,532.532429,41.137429,45.73
4/14/15,124.001353,385.109985,83.519997,530.392405,40.543636,45.529999
4/13/15,124.541339,382.359985,83.010002,539.172466,40.650711,44.77
4/10/15,124.786789,382.649994,82.040001,540.012416,40.611776,45.18
4/9/15,124.256616,383.540009,82.169998,540.782472,40.378149,45.630001
4/8/15,123.314088,381.200012,82.279999,541.612446,40.319742,45.169998
4/7/15,123.71663,374.410004,82.32,537.022404,40.426821,43.610001
4/6/15,125.032239,377.040009,82.440002,536.767432,40.44629,43.669998
4/2/15,123.039186,372.25,81.559998,535.532417,39.219761,44.150002
4/1/15,121.98866,370.26001,81.669998,542.562439,39.638339,44.130001
3/31/15,122.165384,372.100006,82.220001,548.002468,39.579932,44.439999
3/30/15,124.070079,374.589996,83.199997,552.032502,39.871962,44.950001
3/27/15,121.00686,370.559998,83.300003,548.342512,39.881698,45.099998
3/26/15,121.97884,367.350006,83.010002,555.172522,40.115321,44.470001
3/25/15,121.134491,370.959991,82.919998,558.787539,40.35868,44.200001
3/24/15,124.384254,374.089996,85.309998,570.192597,41.760431,44.419998
3/23/15,124.894787,375.109985,84.43,558.81251,41.721493,44.720001
3/20/15,123.608631,378.48999,83.800003,560.362537,41.740962,45.040001
3/19/15,125.17951,373.23999,82.75,557.992512,41.166634,44.98
3/18/15,126.131857,375.140015,80.910004,559.502513,41.371055,44.669998
3/17/15,124.727883,371.920013,79.360001,550.842471,40.592307,43.790001
3/16/15,122.675917,373.350006,78.07,554.512509,40.456026,43.509998
3/13/15,121.340668,370.579987,78.050003,547.322503,40.280807,42.869999
3/12/15,122.185017,374.23999,78.93,555.512505,39.93037,42.950001
3/11/15,120.01524,366.369995,77.57,551.182515,40.864868,42.5
3/10/15,122.24393,369.51001,77.550003,555.012538,40.913539,42.68
3/9/15,124.826061,378.559998,79.440002,568.852557,41.711757,42.98
3/6/15,124.295889,380.089996,80.010002,567.687558,41.234775,43.439999
3/5/15,124.109352,387.829987,81.209999,575.332609,41.964852,44.16
3/4/15,126.200576,382.720001,80.900002,573.372583,41.916181,43.990002
3/3/15,127.005659,384.609985,79.599998,573.64261,42.130335,42.619999
3/2/15,126.740569,385.660004,79.75,571.342601,42.714399,44.110001
2/27/15,126.122045,380.160004,78.970001,558.402511,42.685193,44.279999
2/26/15,128.046365,384.799988,80.410004,555.482516,42.889618,44.450001
2/25/15,126.446026,385.369995,79.559998,543.872489,42.821477,44.43
2/24/15,129.764515,378.589996,78.449997,536.092424,42.91882,43.380001
2/23/15,130.579411,380.140015,78.839996,531.912381,42.977227,43.529999
2/20/15,127.14311,383.660004,79.900002,538.952441,42.69493,44.110001
2/19/15,126.112217,379,79.419998,542.872432,42.344492,44.369999
2/18/15,126.377307,373.369995,76.709999,539.702422,42.373694,43.650002
2/17/15,125.503506,375.429993,75.599998,542.842443,42.422369,43.529999
2/13/15,124.767156,381.829987,75.739998,549.012501,42.402898,44.419998
2/12/15,124.158437,377.170013,76.230003,542.932472,41.648983,43.93
2/11/15,122.607191,375.140015,76.510002,535.972405,40.962728,42.959999
2/10/15,119.799242,373,75.190002,536.942412,41.175368,43.07
2/9/15,117.541107,370.559998,74.440002,527.832406,40.943397,42.57
2/6/15,116.765484,374.279999,74.470001,531.002415,40.991724,42.939999
2/5/15,117.757104,373.890015,75.610001,527.582391,41.030387,43.549999
2/4/15,116.922564,364.75,75.629997,522.762349,40.440786,44.049999
2/3/15,116.032642,363.549988,75.400002,529.2424,40.20881,44.700001
2/2/15,116.013079,364.470001,74.989998,528.482381,39.899512,44.689999
1/30/15,114.575513,354.529999,75.910004,534.522445,39.048944,43.990002
1/29/15,116.277127,311.779999,78,510.6623,40.605099,43.73
1/28/15,112.766317,303.910004,76.239998,510.002318,39.812522,46.459999
1/27/15,106.732426,306.75,75.779999,518.63237,41.233363,47.990002
1/26/15,110.605069,309.660004,77.5,535.212448,45.437889,49.439999
1/23/15,110.487721,312.390015,77.830002,539.952437,45.602206,48.950001
1/22/15,109.920514,310.320007,77.650002,534.392388,45.553879,48.889999
1/21/15,107.133385,297.25,76.739998,518.042373,44.384341,48.18
1/20/15,106.321692,289.440002,76.239998,506.902294,44.838624,47.630001
1/16/15,103.651911,290.73999,75.18,508.082288,44.693643,46.470001
1/15/15,104.463604,286.950012,74.050003,501.792271,43.959056,46.23
1/14/15,107.37787,293.269989,76.279999,500.872267,44.423004,47.509998
1/13/15,107.788603,294.73999,76.449997,496.182251,44.809629,48.299999
1/12/15,106.84,291.410004,76.720001,492.552239,45.0416,48.799999
1/9/15,109.539117,296.929993,77.739998,496.172244,45.61187,49.720001
1/8/15,109.421762,300.459991,78.18,502.682285,45.998494,50.23
1/7/15,105.373089,298.420013,76.150002,501.102268,44.683975,48.59
1/6/15,103.91596,295.290009,76.150002,501.962262,44.123373,49.209999
1/5/15,103.906178,302.190002,77.190002,513.872306,44.780633,49.130001
1/2/15,106.918237,308.519989,78.449997,524.812404,45.19625,50.169998
12/31/14,107.94507,310.350006,78.019997,526.402397,44.896619,50.509998
12/30/14,110.037862,310.299988,79.220001,530.422394,45.447557,51.220001
12/29/14,111.397206,312.040009,80.019997,530.332426,45.863177,50.529999
12/26/14,111.475435,309.089996,80.779999,534.032392,46.278797,50.860001
12/24/14,109.539117,303.029999,80.769997,528.772422,46.530101,50.650002
12/23/14,110.057425,306.290009,80.610001,530.592416,46.829735,50.02
12/22/14,110.448602,306.540009,81.449997,524.872383,46.375451,51.150002
12/19/14,109.314188,299.899994,79.879997,516.352313,46.066153,50.880001
12/18/14,110.164999,297.730011,78.400002,511.102319,45.930836,50.91
12/17/14,106.996474,298.880005,76.110001,504.892295,44.210364,50.119999
12/16/14,104.395148,295.059998,74.690002,495.392242,43.649758,48.849998
12/15/14,105.842504,306.070007,76.989998,513.802351,45.109259,49.82
12/12/14,107.309414,307.320007,77.830002,518.662359,45.379898,50.240002
12/11/14,109.157721,307.359985,77.730003,528.34241,45.592538,49.939999
12/10/14,109.480436,305.839996,76.18,526.062353,45.331571,49.209999
12/9/14,111.602573,312.5,76.839996,533.37244,45.998494,50.509998
12/8/14,109.920514,306.640015,76.519997,526.982357,46.104816,49.619999
12/5/14,112.463157,312.630005,76.360001,525.262369,46.800736,50.990002
12/4/14,112.942346,316.929993,75.239998,537.312445,47.206692,50.41
12/3/14,113.372642,316.5,74.879997,531.322384,46.472109,50.279999
12/2/14,112.101317,326.309998,75.459999,533.752389,46.839399,50.669998
12/1/14,112.531613,326,75.099998,533.802391,46.994048,50.099998
11/28/14,116.306464,338.640015,77.699997,541.832471,46.211138,51.740002
11/26/14,116.374919,333.570007,77.620003,540.372473,46.153144,51.93
11/25/14,115.005801,335.040009,75.629997,541.082428,45.882508,51.720001
11/24/14,116.013079,335.640015,74.010002,539.272471,45.998494,51.830002
11/21/14,113.900731,332.630005,73.75,537.502419,46.375451,51.040001
11/20/14,113.744257,330.540009,73.599998,534.832438,47.071374,51.25
11/19/14,112.140435,326.540009,73.330002,536.992415,46.607427,50.580002
11/18/14,112.922791,324.929993,74.339996,535.032449,47.110038,51.75
11/17/14,111.475435,323.049988,74.239998,536.512399,47.506323,52.369999
11/14/14,111.661247,327.820007,74.879997,544.402446,47.621586,51.75
11/13/14,110.331247,316.480011,74.25,545.38249,47.6504,50.5
11/12/14,108.795881,311.51001,74.720001,547.312465,46.853183,50.599998
11/11/14,107.28007,312.01001,74.610001,550.292501,46.939628,49.049999
11/10/14,106.429266,305.109985,75,547.492463,46.958839,49.41
11/7/14,106.605296,299.859985,75.599998,541.012473,46.757135,48.549999
11/6/14,106.302129,296.640015,75.260002,542.042458,46.776345,47.93
11/5/14,105.998973,296.519989,74.830002,545.922484,45.969525,47.459999
11/4/14,105.745804,302.809998,75.760002,554.112486,45.690979,47.080002
11/3/14,106.524782,305.720001,73.879997,555.222525,45.566113,46.34
10/31/14,105.161575,305.459991,74.989998,559.082538,45.09547,46.049999
10/30/14,104.168385,299.070007,74.110001,550.312514,44.231019,45.630001
10/29/14,104.518917,294.119995,75.860001,549.33247,44.778504,45.43
10/28/14,103.934688,295.589996,80.769997,548.902458,44.653641,45.869999
10/27/14,102.34753,289.970001,80.279999,540.772435,44.096549,44.700001
10/24/14,102.454639,287.059998,80.669998,539.782415,44.307861,43.5
10/23/14,102.07489,313.179993,80.040001,543.982471,43.241705,42.599998
10/22/14,100.283244,312.970001,78.370003,532.712427,42.626986,42
10/21/14,99.776914,315.329987,78.690002,526.542369,43.107236,40.18
10/20/14,97.138138,306.209991,76.949997,520.842349,42.338837,39.279999
10/17/14,95.103063,303.640015,75.949997,511.172305,41.906611,38.450001
10/16/14,93.730124,302.859985,72.629997,524.512387,41.051767,38.119999
10/15/14,94.976482,305.970001,73.209999,530.032409,41.512806,37.82
10/14/14,96.154681,308.309998,73.589996,537.942408,42.002659,37.970001
10/13/14,97.18682,306.450012,72.989998,533.212394,41.925821,38.380001
10/10/14,98.082646,311.390015,72.910004,544.492476,42.290809,39.599998
10/9/14,98.365018,315.369995,75.910004,560.882518,44.038918,41.099998
10/8/14,98.150806,322.700012,77.519997,572.502582,44.932183,41.080002
10/7/14,96.154681,316.980011,76.290001,563.742534,43.731558,40.93
10/6/14,97.001818,322.200012,77.559998,577.352614,44.26944,41.52
10/3/14,97.001818,322.73999,77.440002,575.282606,44.26944,41.029999
10/2/14,97.274458,318.410004,77.080002,570.082554,43.952473,40.5
10/1/14,96.57338,317.459991,76.550003,568.272597,44.086946,40.32
9/30/14,98.102117,322.440002,79.040001,577.36259,44.528775,40.75
9/29/14,97.478938,321.820007,79,576.362594,44.605613,40.52
9/26/14,98.102117,323.209991,78.790001,577.1026,44.576799,40.66
9/25/14,95.297811,321.929993,77.220001,575.062581,44.221415,38.950001
9/24/14,99.075836,328.209991,78.540001,587.992634,45.220336,39.880001
9/23/14,99.942444,323.630005,78.290001,581.132634,44.720876,39.049999
9/22/14,98.403968,324.5,76.800003,587.372648,45.201126,38.650002
9/19/14,98.306597,331.320007,77.910004,596.082692,45.642955,40.93
9/18/14,99.114785,325,77,589.272695,44.836135,42.09
9/17/14,98.910305,324,76.43,584.772622,44.682455,42.59
9/16/14,98.209227,327.76001,76.080002,579.95264,44.912973,42.709999
9/15/14,98.958987,323.890015,74.580002,573.102616,44.413516,42.549999
9/12/14,98.988204,331.190002,77.480003,575.622589,44.855345,42.880001
9/11/14,98.764246,330.519989,77.919998,581.352659,45.143494,41.259998
9/10/14,98.345547,331.329987,77.43,583.102636,44.989815,41.139999
9/9/14,95.414653,329.75,76.669998,581.012615,44.912973,40.779999
9/8/14,95.774931,342.339996,77.889999,589.722659,44.634431,41.810001
9/5/14,96.3689,346.380005,77.260002,586.082672,44.096549,39.59
9/4/14,95.541241,345.950012,75.949997,581.982621,43.472223,39.189999
9/3/14,96.33969,339,75.830002,577.942611,43.184074,38.869999
9/2/14,100.585102,342.380005,76.68,577.332601,43.30894,39.27
8/29/14,99.806124,339.040009,74.82,571.602592,43.63551,38.509998
8/28/14,99.562695,340.019989,73.860001,569.202577,43.107236,38.310001
8/27/14,99.445846,343.179993,74.629997,571.002557,43.097629,38.18
8/26/14,98.238437,341.829987,75.959999,577.862619,43.232098,37.790001
8/25/14,98.871356,334.019989,75.019997,580.202654,43.385778,37.709999
8/22/14,98.657136,331.589996,74.57,582.562642,43.366571,38.009998
8/21/14,97.936587,332.910004,74.57,583.372664,43.433806,37.639999
8/20/14,97.926848,335.779999,74.809998,584.492618,43.17447,37.5
8/19/14,97.887898,335.130005,75.290001,586.862643,43.539461,37.830002
8/18/14,96.553909,334.529999,74.589996,582.162619,43.059212,37.380001
8/15/14,95.404921,333.630005,73.629997,573.482626,42.75376,36.470001
8/14/14,94.937533,333.209991,74.300003,574.652582,42.2574,36.360001
8/13/14,94.684364,326.279999,73.769997,574.782577,42.076039,36.189999
8/12/14,93.447745,319.320007,72.830002,562.732562,41.541496,35.52
8/11/14,93.467216,318.329987,73.440002,567.882551,41.236044,35.790001
8/8/14,92.250068,316.799988,73.059998,568.772565,41.236044,35.91
8/7/14,91.996907,311.450012,73.169998,563.362525,41.264679,35.66
8/6/14,92.006638,313.890015,72.470001,566.376589,40.796958,35.790001
8/5/14,92.161665,312.320007,72.690002,565.072537,41.121501,35.700001
8/4/14,92.617042,313.649994,73.510002,573.152619,41.398314,36.529999
8/1/14,93.140248,307.059998,72.360001,566.072533,40.911501,35.619999
7/31/14,92.626733,312.98999,72.650002,571.602592,41.197862,35.810001
7/30/14,95.097428,322.51001,74.68,587.42265,41.59877,36.599998
7/29/14,95.32027,320,73.709999,585.612633,41.894674,35.68
7/28/14,95.940365,320.410004,74.919998,590.602697,41.971039,35.900002
7/25/14,94.632353,324.01001,75.190002,589.022681,42.476943,36.119999
7/24/14,94.012258,358.609985,74.980003,593.352671,42.381491,36.169998
7/23/14,94.167286,358.140015,71.290001,595.982686,42.830121,34.709999
7/22/14,91.774104,360.839996,69.269997,594.742713,42.791942,33.599998
7/21/14,91.018364,359.76001,69.400002,589.472645,42.801486,33.279999
7/18/14,91.493123,358.660004,68.419998,595.082696,42.658304,33.330002
7/17/14,90.194794,352.450012,66.410004,573.732579,42.505578,33.209999
7/16/14,91.832236,355.899994,67.660004,582.662648,42.076039,33.790001
7/15/14,92.355442,354.440002,67.169998,584.782659,40.520141,35.610001
7/14/14,93.450295,355.320007,67.900002,584.872627,40.224233,35.700001
7/11/14,92.258554,346.200012,66.339996,579.182645,40.176507,35.43
7/10/14,92.084152,327.920013,64.870003,571.102563,39.79469,34.93
7/9/14,92.423265,329.970001,64.970001,576.08259,39.775599,34.849998
7/8/14,92.384508,323.809998,62.759998,571.092587,39.880598,34.529999
7/7/14,92.985228,333.549988,65.290001,582.252649,40.081054,35.52
7/3/14,91.105562,337.48999,66.290001,584.732656,39.89969,36.139999
7/2/14,90.572672,332.850006,66.449997,582.33766,39.995146,35.880001
7/1/14,90.611421,332.390015,68.059998,582.672624,39.966507,35.349998
6/30/14,90.039774,324.779999,67.290001,575.282606,39.804237,35.130001
6/27/14,89.119323,324.570007,67.599998,577.242632,40.329232,34.25
6/26/14,88.072911,325.690002,67.129997,576.002598,39.823328,33.66
6/25/14,87.549705,327.440002,67.440002,578.652627,40.119233,33.25
6/24/14,87.472191,324.160004,65.720001,564.622572,39.851963,33.48
6/23/14,88.005088,327.23999,65.370003,564.952579,40.081054,33.639999
6/20/14,88.082602,324.200012,64.5,556.362492,39.785146,34.049999
6/19/14,89.003053,327,64.339996,554.902495,39.622873,34.68
6/18/14,89.3131,334.380005,65.599998,553.372481,39.756511,34.939999
6/17/14,89.216212,325.619995,64.400002,543.012465,39.785146,34.43
6/16/14,89.332475,327.619995,64.190002,544.282488,39.613329,34.810001
6/13/14,88.44109,326.269989,64.5,551.762475,39.355603,36.939999
6/12/14,89.41968,325.910004,64.290001,551.352476,38.735156,36.779999
6/11/14,90.940851,335.200012,65.779999,558.842499,39.002425,36.630001
6/10/14,91.318721,332.410004,65.769997,560.552511,39.24106,36.310001
6/9/14,90.785823,327.5,62.880001,562.122552,39.393786,36.040001
6/6/14,89.356011,329.670013,62.5,556.332503,39.594238,35.919998
6/5/14,89.602383,323.570007,63.189999,553.902499,39.336512,34.939999
6/4/14,89.252197,306.779999,63.34,544.662436,38.486974,34.73
6/3/14,88.244541,307.190002,62.869999,544.94244,38.458339,34.650002
6/2/14,87.014043,308.839996,63.080002,553.932488,38.935608,34.869999
5/30/14,87.616145,312.549988,63.299999,559.892559,39.078786,34.650002
5/29/14,87.945567,313.779999,63.830002,560.082534,38.506065,34.900002
5/28/14,86.371801,310.160004,63.509998,561.682564,38.191066,34.779999
5/27/14,86.596033,310.820007,63.48,565.952575,38.362883,35.119999
5/23/14,85.004268,312.23999,61.349998,552.702492,38.296065,35.02
5/22/14,84.054744,304.910004,60.52,545.062459,38.276974,34.700001
5/21/14,83.92187,305.01001,60.490002,538.942465,38.515609,34.360001
5/20/14,83.70041,301.190002,58.560001,529.772418,37.87607,33.869999
5/19/14,83.6838,296.76001,59.209999,528.862391,37.942887,33.889999
5/16/14,82.703828,297.700012,58.02,520.632362,38.019252,33.41
5/15/14,81.501005,295.190002,57.919998,519.982324,37.799705,33.799999
5/14/14,82.199996,297.619995,59.23,526.652412,38.410613,34.169998
5/13/14,82.184776,304.640015,59.830002,533.092437,38.582426,34.400002
5/12/14,82.05605,302.859985,59.830002,529.922427,37.885615,34.450001
5/9/14,81.047012,292.23999,57.240002,518.732375,37.478039,33.759998
5/8/14,81.386125,288.320007,56.759998,511.002313,37.572823,33.919998
5/7/14,81.531455,292.709991,57.389999,509.962321,37.364294,34.07
5/6/14,81.817764,297.380005,58.529999,515.14233,37.023071,36.490002
5/5/14,82.719334,310.049988,61.220001,527.812392,37.373775,36.91
5/2/14,81.565873,308.01001,60.459999,527.932411,37.620214,36.869999
5/1/14,81.414463,307.890015,61.150002,531.352435,37.91405,36.509998
4/30/14,81.22313,304.130005,59.779999,526.662388,38.293192,35.950001
4/29/14,81.531455,300.380005,58.150002,527.70241,38.397452,35.830002
4/28/14,81.773717,296.579987,56.139999,517.152359,38.738679,33.990002
4/25/14,78.724867,303.829987,57.709999,516.182352,37.828743,34.48
4/24/14,78.150889,337.149994,60.869999,525.162363,37.781351,35.240002
4/23/14,72.229388,324.579987,61.360001,526.942391,37.620214,35.439999
4/22/14,73.186025,329.320007,63.029999,534.812425,37.904573,36.139999
4/21/14,73.113073,330.869995,61.240002,528.622414,37.857177,36.400002
4/17/14,72.255543,324.910004,58.939999,536.1024,37.923527,36.380001
4/16/14,71.439304,323.679993,59.720001,556.54249,38.293192,36.349998
4/15/14,71.294775,316.079987,59.09,536.442444,37.677087,34.209999
4/14/14,71.806813,315.910004,58.889999,532.522392,37.136812,33.450001
4/11/14,71.521893,311.730011,58.529999,530.602392,37.165246,32.869999
4/10/14,72.05458,317.109985,59.16,540.952433,37.307425,33.400002
4/9/14,72.996073,331.809998,62.41,564.142557,38.359541,34.869999
4/8/14,72.049074,327.070007,58.189999,554.902495,37.743436,33.830002
4/7/14,72.053198,317.76001,56.950001,538.152456,37.724479,33.07
4/4/14,73.202542,323,56.75,543.14246,37.790828,34.259998
4/3/14,74.161928,333.619995,59.490002,569.742571,38.871378,35.759998
4/2/14,74.679472,341.959991,62.720001,567.002574,39.193647,36.639999
4/1/14,74.555592,342.98999,62.619999,567.162558,39.259997,36.490002
3/31/14,73.879751,336.369995,60.240002,556.972503,38.852424,35.900002
3/28/14,73.896269,338.290009,60.009998,559.992565,38.198404,35.900002
3/27/14,73.978858,338.470001,60.970001,558.462551,37.307425,35.59
3/26/14,74.298195,343.410004,60.389999,565.420539,37.715002,35.450001
3/25/14,75.015327,354.709991,64.889999,578.782219,38.236319,35.93
3/24/14,74.216988,351.850006,64.099998,578.387583,38.387975,36.68
3/21/14,73.347064,360.619995,67.239998,590.930063,38.065706,37.939999
3/20/14,72.773086,368.970001,66.970001,597.983016,38.226842,37.77
3/19/14,73.125459,373.230011,68.239998,599.027014,37.222119,38.610001
3/18/14,73.144726,378.769989,69.190002,605.025994,37.487516,39.450001
3/17/14,72.503303,375.040009,68.739998,595.455584,36.065739,39.110001
3/14/14,72.221125,373.73999,67.720001,585.81522,35.733992,37.599998
3/13/14,73.041495,371.51001,68.830002,593.937081,35.914083,37.23
3/12/14,73.861858,370.640015,70.879997,603.047979,36.274267,37.5
3/11/14,73.790281,368.820007,70.099998,599.396618,36.037305,37.560001
3/10/14,73.078655,370.529999,72.029999,605.180837,35.847734,38.049999
3/7/14,73.012591,372.059998,69.800003,606.789247,35.923563,38.700001
3/6/14,73.055257,372.160004,70.839996,609.196844,36.160526,39.66
3/5/14,73.276869,372.369995,71.57,608.522511,36.122611,39.5
3/4/14,73.122703,363.899994,68.800003,606.849165,36.406966,39.630001
3/3/14,72.643701,359.779999,67.410004,600.745284,35.809819,38.25
2/28/14,72.434475,362.100006,68.459999,607.21883,36.312182,38.669998
2/27/14,72.631314,360.130005,68.940002,608.997078,35.885649,38.470001
2/26/14,71.210811,359.799988,69.260002,609.476541,35.515987,37.619999
2/25/14,71.859123,358.320007,69.849998,609.391653,35.582336,37.259998
2/24/14,72.614796,351.779999,70.779999,605.650385,35.724512,37.419998
2/21/14,72.298208,346.76001,68.589996,601.294763,35.99939,37.290001
2/20/14,73.110316,349.799988,69.629997,601.454563,35.781384,37.790001
2/19/14,73.966471,347.380005,68.059998,600.570489,35.553898,37.810001
2/18/14,75.152975,353.649994,67.300003,604.836204,35.468592,38.310001
2/14/14,74.877686,357.350006,67.089996,600.800244,35.392765,38.23
2/13/14,74.938244,357.200012,67.330002,599.351695,35.383359,38.52
2/12/14,73.766883,349.25,64.449997,592.753234,35.251648,38.110001
2/11/14,73.772389,361.790009,64.849998,594.496536,34.969406,38.5
2/10/14,72.813003,360.869995,63.549999,585.880095,34.621312,37.759998
2/7/14,71.531523,361.079987,64.32,588.132849,34.395523,37.23
2/6/14,70.544607,354.589996,62.16,579.401591,34.03802,36.240002
2/5/14,70.135807,346.450012,62.189999,571.029962,33.699332,35.490002
2/4/14,69.61587,347.950012,62.75,568.512445,34.197953,35.66
2/3/14,68.622506,346.149994,61.48,566.149832,34.320258,34.900002
1/31/14,68.495256,358.690002,62.57,589.896102,35.599742,36.009998
1/30/14,68.38306,403.01001,61.080002,567.128832,34.677762,35.310001
1/29/14,68.515783,384.200012,53.529999,552.908048,34.489602,34.889999
1/28/14,69.302532,394.429993,55.139999,560.94502,34.122691,38.220001
1/27/14,75.322897,386.279999,53.549999,550.065849,33.896899,36.650002
1/24/14,74.716755,387.600006,54.450001,561.35459,34.630722,37.91
1/23/14,76.100066,399.869995,56.630001,579.471546,33.925125,39.389999
1/22/14,75.461085,404.540009,57.509998,581.929085,33.80282,40.18
1/21/14,75.127229,407.049988,58.509998,581.269747,34.02861,39.52
1/17/14,73.97789,399.609985,56.299999,574.691299,34.22618,40.009998
1/16/14,75.835994,395.799988,57.189999,577.533436,34.705984,40.34
1/15/14,76.261521,395.869995,57.599998,573.737269,34.58368,41.07
1/14/14,74.76054,397.540009,57.740002,574.126886,33.6617,41.139999
1/13/14,73.301971,390.980011,55.91,560.930026,32.909063,39.990002
1/10/14,72.920222,397.660004,57.939999,564.526426,33.906309,41.23
1/9/14,73.410061,401.01001,57.220001,564.556416,33.4265,40.919998
1/8/14,74.359639,401.920013,58.23,570.045943,33.642883,41.02
1/7/14,73.891693,398.029999,57.919998,568.862096,34.254402,40.919998
1/6/14,74.423944,393.630005,57.200001,558.102883,33.990981,39.93
1/3/14,74.020309,396.440002,54.560001,551.948999,34.724801,40.119999
1/2/14,75.682745,397.970001,54.709999,556.004972,34.96,39.59
12/31/13,76.762306,398.790009,54.650002,559.796182,35.195199,40.439999
12/30/13,75.872933,393.369995,53.709999,554.176782,35.082304,40.200001
12/27/13,76.635056,398.079987,55.439999,558.642325,35.082304,40.490002
12/26/13,77.156368,404.390015,57.73,558.172777,35.223422,40.650002
12/24/13,77.672198,399.200012,57.959999,555.365586,34.884738,40.849998
12/23/13,78.003322,402.920013,57.77,556.993949,34.451969,40.77
12/20/13,75.120389,402.200012,55.119999,549.761182,34.621312,40.119999
12/19/13,74.496461,395.190002,55.049999,542.56838,34.103875,40.200001
12/18/13,75.359835,395.959991,55.57,541.834068,34.41434,40.040001
12/17/13,75.937244,387.649994,54.860001,534.396516,34.357891,39.509998
12/16/13,76.280681,388.970001,53.810001,535.954985,34.705984,39.73
12/13/13,75.86062,384.23999,53.32,529.866038,34.517824,39.73
12/12/13,76.696628,381.25,51.830002,534.446458,35.016449,39.349998
12/11/13,76.808824,382.190002,49.380001,538.107795,35.383359,39.16
12/10/13,77.382127,387.779999,50.25,541.789145,35.853757,40.220001
12/9/13,77.502537,384.890015,48.84,538.53242,36.418234,38.869999
12/6/13,76.625477,386.950012,47.939999,534.401535,36.088956,38.860001
12/5/13,77.703671,384.48999,48.34,528.14275,35.750269,38.869999
12/4/13,77.306876,385.959991,48.619999,528.562356,36.634617,38.130001
12/3/13,77.487484,384.660004,46.73,526.104818,36.041917,36.560001
12/2/13,75.42278,392.299988,47.060001,526.714214,36.173628,37.009998
11/29/13,76.085013,393.619995,47.009998,529.266617,35.872574,36.98
11/27/13,74.701702,386.709991,46.490002,531.024914,35.373949,36.959999
11/26/13,72.98316,381.369995,45.889999,528.677234,35.13875,36.639999
11/25/13,71.661421,376.640015,44.82,522.443481,35.411582,36.290001
11/22/13,71.122324,372.309998,46.23,515.430432,35.345726,36.490002
11/21/13,71.305671,368.920013,46.700001,516.519352,35.185793,36.299999
11/20/13,70.465557,362.570007,46.43,510.645227,34.884738,35.619999
11/19/13,71.088118,364.940002,46.360001,512.088788,34.564867,34.630001
11/18/13,70.962235,366.179993,45.830002,515.260594,34.734209,34.98
11/15/13,71.832456,369.170013,49.009998,516.264626,35.331786,35.470001
11/14/13,72.266196,367.399994,48.990002,517.09876,35.499856,35.689999
11/13/13,71.235894,356.220001,48.709999,515.720166,35.630575,35.099998
11/12/13,71.151056,349.529999,46.610001,505.385486,34.883604,34.07
11/11/13,71.019707,354.380005,46.200001,504.791084,35.098358,33.82
11/8/13,71.226314,350.309998,47.529999,507.508367,35.275762,33.119999
11/7/13,70.122128,343.559998,47.560001,503.472377,35.014323,32.110001
11/6/13,71.275573,356.179993,49.119999,510.865006,35.64925,32.880001
11/5/13,71.478078,358.890015,50.110001,510.250622,34.211327,32.970001
11/4/13,71.65492,358.73999,48.220001,512.543341,33.557726,33.189999
11/1/13,70.740785,359,49.75,513.00787,33.174903,33.18
10/31/13,71.103986,364.029999,50.209999,514.776112,33.062858,32.939999
10/30/13,71.403264,361.079987,49.009998,514.696181,33.184242,32.57
10/29/13,70.28508,362.700012,49.400002,517.603255,33.165567,33.169998
10/28/13,72.080701,358.160004,50.23,506.993866,33.212252,32.349998
10/25/13,71.547458,363.390015,51.950001,507.09378,33.361647,32.25
10/24/13,72.356847,332.209991,52.450001,512.263613,31.484881,33.080002
10/23/13,71.411422,326.76001,51.900002,515.1907,31.522226,33.099998
10/22/13,70.719019,332.540009,52.68,502.997872,32.287876,33.939999
10/21/13,70.92171,326.440002,53.849998,501.149699,32.670699,34.060001
10/18/13,69.225385,328.929993,54.220001,505.200653,32.642685,33.43
10/17/13,68.628203,310.769989,52.209999,443.951796,32.605336,32.740002
10/16/13,68.167056,310.48999,51.139999,448.567193,32.343897,33.09
10/15/13,67.836496,306.399994,49.5,440.565198,32.203842,33.380001
10/14/13,67.477371,310.700012,49.509998,437.618129,32.166492,34
10/11/13,67.037989,310.890015,49.110001,435.560183,31.867704,34.150002
10/10/13,66.606767,305.170013,49.049999,433.687071,31.522226,33.869999
10/9/13,66.191868,298.230011,46.77,427.503228,30.877964,33.009998
10/8/13,65.423286,303.230011,47.139999,426.409319,30.82194,32.93
10/7/13,66.349669,310.029999,50.52,432.438319,31.092718,34.139999
10/4/13,65.707598,319.040009,51.040001,435.739997,31.634275,34.889999
10/3/13,65.759287,314.76001,49.18,437.608153,31.6156,33.880001
10/2/13,66.595884,320.51001,50.279999,443.552202,31.671621,34.139999
10/1/13,66.378235,320.950012,50.419998,443.057714,31.354161,34.310001
9/30/13,64.853311,312.640015,50.23,437.518246,31.074044,33.169998
9/27/13,65.669508,316.01001,51.240002,437.758008,31.064708,33.549999
9/26/13,66.141537,318.119995,50.389999,438.647101,30.59785,32.75
9/25/13,65.503548,312.649994,49.459999,438.177584,30.355082,31.34
9/24/13,66.533311,314.130005,48.450001,442.977783,30.299062,31.27
9/23/13,66.742802,311.48999,47.189999,442.807945,30.56984,30.26
9/20/13,63.582774,316.339996,47.490002,451.104663,30.616525,30.93
9/19/13,64.24797,312.059998,45.98,448.747038,31.410182,31.030001
9/18/13,63.211407,312.029999,45.23,451.209564,31.111393,30.440001
9/17/13,61.938147,304.170013,45.07,442.613137,30.747245,30
9/16/13,61.230778,296.059998,42.509998,443.437325,30.625861,29.620001
9/13/13,63.241331,297.920013,44.310001,444.091675,30.840615,29.26
9/12/13,64.301026,298.859985,44.75,446.084684,30.523151,29.65
9/11/13,63.623581,299.640015,45.040001,447.64811,30.56984,29.190001
9/10/13,67.286929,300.359985,43.599998,443.891878,30.243037,29.48
9/9/13,68.855377,299.709991,44.040001,443.582192,29.561426,29.24
9/6/13,67.773924,295.859985,43.950001,439.351393,29.085231,28.17
9/5/13,67.372625,294.100006,42.66,439.341417,29.159928,28.23
9/4/13,67.837862,293.640015,41.779999,435.38037,29.131918,28.07
9/3/13,66.462573,288.799988,41.869999,429.76097,29.766842,27.780001
8/30/13,66.277572,280.980011,41.290001,423.02771,31.186092,27.120001
8/29/13,66.886996,283.980011,41.279999,427.288437,31.326147,27.299999
8/28/13,66.778168,281.579987,40.549999,423.851867,30.831279,27.110001
8/27/13,66.463932,280.929993,39.639999,424.651084,31.055369,27
8/26/13,68.420078,286.209991,41.34,432.762969,31.886378,27.700001
8/23/13,68.154815,290.01001,40.549999,434.67109,32.446606,27.99
8/22/13,68.418713,289.730011,38.549999,436.419318,30.243037,27.9
8/21/13,68.337099,284.570007,38.32,434.231501,29.514741,27.059999
8/20/13,68.161615,287.089996,38.41,432.278457,29.524078,27.120001
8/19/13,69.06895,285.570007,37.810001,432.393335,29.309322,26.91
8/16/13,68.333016,284.820007,37.080002,428.027706,29.692145,27.32
8/15/13,67.731751,286.470001,36.560001,429.401342,29.68281,27.139999
8/14/13,67.812014,291.339996,36.650002,434.471263,30.205688,28.049999
8/13/13,66.597243,293.970001,37.02,440.185557,30.093643,28.34
8/12/13,63.575974,296.690002,38.220001,442.313457,30.476466,28.35
8/9/13,61.819794,297.26001,38.5,444.760989,30.318847,27.68
8/8/13,62.712171,295.73999,38.540001,445.884887,30.49501,27.48
8/7/13,62.837321,296.910004,38.869999,444.880885,29.725451,27.389999
8/6/13,62.873812,300.75,38.549999,447.837931,29.280402,27.32
8/5/13,63.441397,300.98999,39.189999,452.048716,29.391665,27.67
8/2/13,62.50758,304.209991,38.049999,452.832939,29.567828,27.65
8/1/13,61.71566,305.570007,37.490002,451.65913,29.363849,27.959999
7/31/13,61.15483,301.220001,36.799999,443.432337,29.52147,28.09
7/30/13,61.261594,302.410004,37.630001,445.015746,29.530742,28.049999
7/29/13,60.51427,306.100006,35.43,440.695071,29.243316,27.93
7/26/13,59.59532,312.01001,34.009998,442.233526,29.317491,28.110001
7/25/13,59.258819,303.399994,34.360001,443.407366,29.104237,28.27
7/24/13,59.530451,298.940002,26.51,450.999761,29.632731,27.84
7/23/13,56.62224,301.059998,26.129999,451.449326,29.502926,27.360001
7/22/13,57.611465,303.480011,26.049999,454.895872,29.679089,27.860001
7/19/13,57.427674,305.230011,25.879999,447.852926,29.113509,29.110001
7/18/13,58.347978,304.109985,26.18,454.885896,32.859323,29.66
7/17/13,58.152026,308.690002,26.65,458.816985,33.137481,29.66
7/16/13,58.137158,306.869995,26.32,459.34645,33.628886,26.879999
7/15/13,57.764175,306.570007,26.280001,461.88392,33.536165,27.34
7/12/13,57.638493,307.549988,25.91,461.039749,33.072575,27.23
7/11/13,57.743901,299.660004,25.809999,459.661125,33.091119,27.040001
7/10/13,56.857385,292.329987,25.799999,452.543235,32.173211,26.559999
7/9/13,57.07631,291.529999,25.48,452.168613,31.848695,26.68
7/8/13,56.089792,290.589996,24.709999,452.09367,31.830154,25.530001
7/5/13,56.410071,285.880005,24.370001,446.299475,31.71889,25.68
7/3/13,56.866844,284.029999,24.52,442.772999,31.533453,25.59
7/2/13,56.554672,283.730011,24.41,440.715053,31.46855,24.99
7/1/13,55.301924,282.100006,24.809999,443.497273,31.857969,25.24
6/28/13,53.587002,277.690002,24.879999,439.745998,32.024862,25.129999
6/27/13,53.215364,277.549988,24.66,438.097653,32.099034,25.469999
6/26/13,53.795115,277.570007,24.16,436.389359,31.848695,25.290001
6/25/13,54.411352,272.089996,24.25,432.668074,31.218211,24.959999
6/24/13,54.399191,270.609985,23.940001,434.461287,31.264573,24.07
6/21/13,55.880325,273.359985,24.530001,440.025726,30.84734,25.190001
6/20/13,56.331692,273.440002,23.9,441.928828,31.051321,25.35
6/19/13,57.164151,278.160004,24.309999,449.890888,32.07122,26.24
6/18/13,58.349327,281.76001,24.209999,449.860899,32.43282,26.66
6/17/13,58.380412,278.059998,24.02,442.683092,32.451364,26.540001
6/14/13,58.116889,273.98999,23.629999,437.083675,31.895057,26.280001
6/13/13,58.915563,275.790009,23.73,438.062675,32.191755,26.370001
6/12/13,58.406087,271.670013,23.77,435.555195,32.451364,25.889999
6/11/13,59.137194,274.779999,24.030001,439.466301,32.303015,26.4
6/10/13,59.311523,281.070007,24.33,444.666094,32.887141,26.74
6/7/13,59.706133,276.869995,23.290001,439.426336,33.072575,27.040001
6/6/13,59.253414,267.829987,22.969999,431.88884,32.414276,26.209999
6/5/13,60.152094,267.170013,22.9,429.421325,32.247383,25.75
6/4/13,60.71968,265.700012,23.52,429.121615,32.442094,26.26
6/3/13,60.91023,266.880005,23.85,433.382372,32.998402,26.389999
5/31/13,60.776444,269.200012,24.35,435.175585,32.358648,26.299999
5/30/13,61.026449,266.829987,24.549999,434.945799,32.479179,26.33
5/29/13,60.130471,265.529999,23.32,433.722018,32.340104,25.809999
5/28/13,59.656132,267.290009,24.1,440.195564,32.469908,26.07
5/24/13,60.1575,261.73999,24.309999,436.22451,31.774522,26.33
5/23/13,59.750729,261.799988,25.059999,440.954815,31.663261,26.02
5/22/13,59.643968,262.959991,25.16,444.266501,32.089764,26.540001
5/21/13,59.415582,268.859985,25.66,453.032735,32.312286,27
5/20/13,59.85749,267.630005,25.76,453.81197,32.525541,26.58
5/17/13,58.550688,269.899994,26.25,454.136651,32.33083,26.52
5/16/13,58.729073,264.119995,26.129999,451.484304,31.598359,26.58
5/15/13,57.954721,266.559998,26.6,457.488302,31.385104,27.34
5/14/13,59.983171,268.329987,27.07,443.107656,31.088406,26.639999
5/13/13,61.453494,264.51001,26.82,438.327439,30.411563,26.389999
5/10/13,61.214292,263.630005,26.68,439.676074,30.098516,26.83
5/9/13,61.727821,260.160004,27.040001,435.305427,30.070895,26.24
5/8/13,62.271088,258.679993,27.120001,436.379383,30.374737,26.41
5/7/13,61.575669,257.730011,26.889999,428.187537,30.669368,26.07
5/6/13,61.850881,255.720001,27.57,430.345396,31.074486,25.17
5/3/13,60.41037,258.049988,28.309999,422.438296,30.835099,25.07
5/2/13,59.811607,252.550003,28.969999,414.391317,30.531258,24.969999
5/1/13,58.975222,248.229996,27.43,409.805909,30.12614,24.299999
4/30/13,59.443757,253.809998,27.77,411.87383,30.476013,24.73
4/29/13,57.744137,249.740005,26.98,409.121569,30.02486,24.43
4/26/13,56.009611,254.809998,26.85,400.310381,29.269865,24.68
4/25/13,54.825517,274.700012,26.139999,404.146544,29.407974,25.200001
4/24/13,54.433501,268.779999,26.110001,406.319367,29.242243,24.75
4/23/13,54.52345,268.899994,25.98,403.547154,28.174201,24.379999
4/22/13,53.521938,263.549988,25.969999,399.656031,28.385968,23.950001
4/19/13,52.429133,260.320007,25.73,399.536135,27.409999,23.469999
4/18/13,52.633192,259.420013,25.690001,382.573096,26.507689,23.26
4/17/13,54.076396,267.399994,26.629999,390.889796,26.544517,23.700001
4/16/13,57.223245,272.339996,26.92,396.289386,26.673418,23.790001
4/15/13,56.36538,267.720001,26.52,390.575091,26.415616,23.98
4/12/13,57.701179,272.869995,27.4,394.631034,26.507689,24.690001
4/11/13,58.309335,269.850006,28.02,394.800871,26.645797,24.49
4/10/13,58.491918,264.769989,27.57,394.69597,27.87957,24.200001
4/9/13,57.322589,261.140015,26.59,388.437215,27.262683,23.83
4/8/13,57.219215,258.950012,26.85,387.038638,26.323543,23.48
4/5/13,56.815119,255.479996,27.389999,391.134546,26.424823,23.299999
4/4/13,57.421934,259.079987,27.07,397.138544,26.33275,23.52
4/3/13,57.995187,259.029999,26.25,402.697995,26.29592,23.379999
4/2/13,57.699835,263.320007,25.42,406.114582,26.516894,23.780001
4/1/13,57.581695,261.609985,25.530001,400.195503,26.341958,23.5
3/28/13,59.42765,266.48999,25.58,396.698985,26.341958,23.530001
3/27/13,60.692294,265.299988,26.09,400.929754,26.120984,23.59
3/26/13,61.908612,260.309998,25.209999,405.804896,25.927631,23.59
3/25/13,62.236186,256.019989,25.129999,404.416265,25.927631,23.379999
3/22/13,62.011986,257.75,25.73,404.750953,26.010496,23.26
3/21/13,60.779557,253.389999,25.74,405.225458,25.881595,22.860001
3/20/13,60.692294,257.279999,25.860001,406.948746,26.074947,22.1
3/19/13,61.015837,256.410004,26.549999,405.255448,25.946046,22.17
3/18/13,61.180972,257.890015,26.49,403.492194,25.872388,22.01
3/15/13,59.561901,261.820007,26.65,406.743962,25.817145,22.07
3/14/13,58.063655,265.73999,27.040001,410.360345,25.909216,22.43
3/13/13,57.506512,275.100006,27.08,412.243465,25.706657,22.34
3/12/13,57.517253,274.130005,27.83,413.392303,25.697449,22.4
3/11/13,58.784585,271.23999,28.139999,416.993723,25.660621,22.6
3/8/13,57.95894,274.190002,27.959999,415.345377,25.780315,22.9
3/7/13,57.805894,273.880005,28.58,415.884819,25.909216,22.700001
3/6/13,57.145377,273.790009,27.450001,415.275422,25.86318,22.799999
3/5/13,57.881073,275.589996,27.52,418.88183,26.102569,22.950001
3/4/13,56.392227,273.109985,27.719999,410.340363,25.918423,22.700001
3/1/13,57.791128,265.73999,27.780001,402.693007,25.734279,21.940001
2/28/13,59.258493,264.269989,27.25,400.200491,25.596169,21.309999
2/27/13,59.684067,263.25,26.870001,399.491181,25.605376,21.16
2/26/13,60.274775,259.359985,27.389999,394.670999,25.200258,20.76
2/25/13,59.446442,259.869995,27.27,394.990692,25.200258,20.73
2/22/13,60.521796,265.420013,27.129999,399.456234,25.559341,21.219999
2/21/13,59.884104,265.940002,27.280001,397.3683,25.310744,20.83
2/20/13,60.258665,266.410004,28.459999,395.834832,25.660621,20.92
2/19/13,61.754225,269.75,28.93,403.022676,25.82635,21.290001
2/15/13,61.777047,265.089996,28.32,396.049623,25.577754,21.02
2/14/13,62.640282,269.23999,28.5,393.517173,25.60515,21.18
2/13/13,62.696665,269.470001,27.91,391.039621,25.596018,21.15
2/12/13,62.81615,258.700012,27.370001,389.960707,25.459042,21.209999
2/11/13,64.431195,257.209991,28.26,390.819841,25.44078,20.9
2/8/13,63.766649,261.950012,28.549999,392.293391,25.157698,20.5
2/7/13,62.859111,260.230011,28.65,386.589073,24.911144,20.32
2/6/13,61.044036,262.220001,29.049999,384.700966,24.965934,19.85
2/5/13,61.109438,266.890015,28.639999,382.488177,25.11204,19.66
2/4/13,59.037931,259.980011,28.110001,379.131508,25.057251,19.34
2/1/13,60.546178,265,29.73,387.413261,25.504701,19.76
1/31/13,60.795774,265.5,30.98,377.468168,25.066382,19.629999
1/30/13,60.974629,272.76001,31.24,376.539109,25.431648,20.120001
1/29/13,61.166827,260.350006,30.790001,376.464197,25.577754,19.700001
1/28/13,60.040315,276.040009,32.470001,374.990647,25.486438,20.309999
1/25/13,58.712255,283.98999,31.540001,376.459178,25.459042,20.370001
1/24/13,60.129739,273.459991,31.08,376.728929,25.230751,20.440001
1/23/13,68.606634,268.109985,30.82,370.380268,25.212489,20.110001
1/22/13,67.373341,270.190002,30.73,351.084514,24.792432,19.9
1/18/13,66.736675,272.119995,29.66,351.903714,24.883749,20.02
1/17/13,67.094384,270.480011,30.139999,355.305306,24.883749,20.129999
1/16/13,67.549523,268.929993,29.85,357.238367,24.691985,20.07
1/15/13,64.85737,271.899994,30.1,362.103533,24.847221,19.52
1/14/13,66.970253,272.730011,30.950001,361.264351,24.555009,19.43
1/11/13,69.446185,267.940002,31.719999,369.626004,24.500219,19.290001
1/10/13,69.874628,265.339996,31.299999,370.370261,24.162348,18.99
1/9/13,69.019068,266.350006,30.59,368.691926,24.381509,19.32
1/8/13,70.114886,266.380005,29.059999,366.284329,24.244533,19.66
1/7/13,69.926686,268.459991,29.42,367.008634,24.372377,19.4
1/4/13,70.340452,259.149994,28.76,368.617014,24.418034,19.860001
1/3/13,72.355899,258.480011,27.77,361.474154,24.883749,19.780001
1/2/13,73.280868,257.309998,28,361.264351,25.221621,20.08
12/31/12,71.030509,250.869995,26.620001,353.337268,24.390639,19.9
12/28/12,68.016679,245.179993,25.91,349.655948,24.244533,19.5
12/27/12,68.746783,248.309998,26.049999,352.792807,24.61893,19.6
12/26/12,68.471825,248.630005,26.51,354.081525,24.527615,19.57
12/24/12,69.428828,258.619995,26.93,354.396199,24.710247,19.65
12/21/12,69.316715,256.920013,26.26,357.458146,25.066382,19.35
12/20/12,69.637051,261.5,27.360001,360.819804,25.27641,19.690001
12/19/12,70.248355,257.98999,27.41,359.695936,24.938538,19.6
12/18/12,71.261421,260.399994,27.709999,360.17543,25.166829,19.620001
12/17/12,69.249973,253.860001,26.75,360.030593,24.746774,19.690001
12/14/12,68.043375,249.190002,26.809999,350.62996,24.481956,19.639999
12/13/12,70.699495,251.25,28.24,350.999595,24.755906,19.35
12/12/12,71.942133,251.759995,27.58,348.432167,24.874617,19.379999
12/11/12,72.261136,250.690002,27.98,348.092491,24.94767,19.52
12/10/12,70.716845,247.770004,27.84,342.368221,24.600668,19.43
12/7/12,71.174663,253.270004,27.49,341.763812,24.162348,19.200001
12/6/12,73.04195,253.369995,26.969999,345.220364,24.408903,19.200001
12/5/12,71.914105,253.960007,27.709999,343.567031,24.354113,18.889999
12/4/12,76.860623,252.490005,27.459999,345.170423,24.080164,18.93
12/3/12,78.240744,250.330002,27.040001,347.27831,24.134954,18.549999
11/30/12,78.119278,252.050003,28,348.836748,24.308456,18.77
11/29/12,78.663848,251.270004,27.32,345.600006,24.6098,18.870001
11/28/12,77.806954,247.110001,26.360001,341.494091,24.984197,18.91
11/27/12,78.052544,243.399994,26.15,335.020545,24.728511,18.93
11/26/12,78.686544,243.619995,25.940001,330.245316,25.011591,18.76
11/23/12,76.28002,239.880005,24,333.651927,25.294674,18.57
11/21/12,74.97198,238.029999,24.32,332.602972,24.6098,18.4
11/20/12,74.866531,233.779999,23.1,334.650911,24.390639,18.24
11/19/12,75.509877,229.710007,22.92,333.771793,24.408903,18.360001
11/16/12,70.431216,225.229996,23.559999,323.267275,24.217139,17.860001
11/15/12,70.156258,220.600006,22.17,323.307241,24.344981,17.889999
11/14/12,71.65917,222.949997,22.360001,325.949612,24.509351,17.83
11/13/12,72.46268,226.600006,19.860001,329.196361,24.737642,17.85
11/12/12,72.453335,226.470001,20.07,332.617967,25.559492,17.51
11/9/12,73.017928,226.309998,19.209999,331.184382,26.111983,17.26
11/8/12,71.775289,227.350006,19.99,325.81974,26.093868,17.24
11/7/12,74.478128,232.059998,20.469999,333.227333,26.338414,17.389999
11/6/12,77.441232,237.559998,21.17,340.520079,27.044878,17.459999
11/5/12,77.67641,234.330002,21.25,341.139451,26.83656,17.370001
11/2/12,76.637395,232.419998,21.18,343.616973,26.718817,17.110001
11/1/12,79.260179,232.139999,21.209999,343.452123,26.736932,16.950001
10/31/12,79.098082,232.889999,21.110001,339.810768,25.849324,16.84
10/26/12,80.251361,238.240005,21.940001,337.238352,25.550434,16.790001
10/25/12,80.98744,222.919998,22.559999,338.542034,25.251546,16.610001
10/24/12,81.956036,228.490005,23.23,338.312278,25.269661,16.549999
10/23/12,81.494991,234.309998,19.5,339.835739,25.405519,16.67
10/22/12,84.241343,233.779999,19.32,338.996587,25.360233,15.77
10/19/12,81.027305,240,19,340.555025,25.939895,15.84
10/18/12,84.056659,244.850006,18.98,347.153456,26.718817,16
10/17/12,85.64707,247.490005,19.879999,377.368285,26.800332,16.09
10/16/12,86.335317,243.940002,19.48,371.978672,26.70976,15.92
10/15/12,84.338336,244.179993,19.52,370.120523,26.727875,15.68
10/12/12,83.66736,242.360001,19.52,372.003642,26.447101,15.88
10/11/12,83.453442,244.220001,19.75,375.365269,26.22067,15.92
10/10/12,85.155464,244.990005,19.639999,371.908717,26.247841,15.83
10/9/12,84.483162,250.960007,20.23,371.673973,26.519559,15.85
10/8/12,84.791412,259.059998,20.4,378.542094,26.97242,16.030001
10/5/12,86.707344,258.51001,20.91,383.442207,27.03582,16.09
10/4/12,88.595376,260.470001,21.950001,383.642004,27.198851,16.27
10/3/12,89.213203,255.919998,21.83,380.869791,27.044878,16.209999
10/2/12,87.865938,250.600006,22.27,378.11753,26.863733,15.94
10/1/12,87.610836,252.009995,21.99,380.510132,26.70976,15.83
9/28/12,88.635241,254.320007,21.66,376.873766,26.954305,15.98
9/27/12,90.524599,256.589996,20.32,377.87278,27.316594,16.040001
9/26/12,88.380131,249.669998,20.620001,376.354307,27.325651,15.61
9/25/12,89.490899,252.460007,20.280001,374.206424,27.52491,15.68
9/24/12,91.782847,254.800003,20.790001,374.316314,27.878143,16
9/21/12,93.018502,257.470001,22.860001,366.628993,28.249489,15.74
9/20/12,92.833818,260.809998,22.59,363.696918,28.484977,15.79
9/19/12,93.285568,261.679993,23.290001,363.387232,28.122687,15.86
9/18/12,93.260321,258.75,21.870001,358.781841,28.240432,15.91
9/17/12,92.977318,258,21.52,354.635961,28.267602,15.68
9/14/12,91.847951,261.269989,22,354.486137,28.267602,15.77
9/13/12,90.745159,260.23999,20.709999,352.667923,28.023058,15.6
9/12/12,88.992651,255.630005,20.93,345.095511,27.878143,15.4
9/11/12,87.770279,255.669998,19.43,345.74983,27.8872,15.16
9/10/12,88.055936,257.089996,18.809999,350.035559,27.823798,15.11
9/7/12,90.407674,259.140015,18.98,352.722883,28.032116,15.22
9/6/12,89.853624,251.380005,18.959999,349.35125,28.394404,15.11
9/5/12,89.051113,246.220001,18.58,340.020572,27.52491,15.09
9/4/12,89.680897,247.880005,17.73,340.180403,27.52491,14.89
8/31/12,88.388107,248.270004,18.059999,342.203371,27.914371,14.65
8/30/12,88.206077,246.220001,19.09,340.500096,27.46151,14.67
8/29/12,89.481596,247.119995,19.1,343.661926,27.760398,14.84
8/28/12,89.658311,246.110001,19.34,338.287307,27.742283,14.72
8/27/12,89.775229,243.919998,19.15,334.276288,27.796628,14.85
8/24/12,88.119714,245.740005,19.41,338.976604,27.678883,14.92
8/23/12,88.041326,241.199997,19.440001,338.062509,27.407167,14.87
8/22/12,88.870411,243.100006,19.440001,338.25233,27.66077,14.92
8/21/12,87.168389,239.449997,19.16,334.421155,27.896256,14.97
8/20/12,88.37615,240.350006,20.01,337.433161,27.841913,14.96
8/17/12,86.112103,241.169998,19.049999,338.232347,27.986829,15.03
8/16/12,84.548266,241.550003,19.870001,336.09949,27.878143,14.99
8/15/12,83.816167,237.419998,21.200001,333.437136,27.352824,14.76
8/14/12,83.930439,233.190002,20.379999,333.996591,27.289422,14.73
8/13/12,83.705891,232.440002,21.6,329.675885,27.343764,15.02
8/10/12,82.603098,232.75,21.809999,320.679864,27.370758,15.15
8/9/12,82.474217,234.059998,21.01,320.85469,27.442738,16.01
8/8/12,82.00653,234.380005,20.719999,320.794742,27.289779,16.17
8/7/12,82.145445,236.559998,20.719999,319.950602,27.226796,16.219999
8/6/12,82.362413,233.990005,21.92,321.089464,26.94787,16.040001
8/3/12,81.45617,234.970001,21.09,320.345207,26.767917,15.97
8/2/12,80.409685,230.809998,20.040001,314.061482,26.264051,15.75
8/1/12,80.280033,232.089996,20.879999,316.024532,26.461998,15.99
7/31/12,80.802612,233.300003,21.709999,316.169369,26.515983,15.84
7/30/12,78.72156,236.089996,23.15,315.834711,26.668943,15.98
7/27/12,77.415771,237.320007,23.709999,317.163394,26.776915,16.110001
7/26/12,76.055747,220.009995,26.85,306.374161,26.237057,15.8
7/25/12,76.067652,217.050003,29.34,303.691825,25.940136,15.5
7/24/12,79.500793,223.039993,28.450001,303.482052,26.228059,15.43
7/23/12,79.885785,226.009995,28.75,307.448087,26.345029,15.76
7/20/12,79.947969,228.289993,28.76,305.105426,27.10083,15.92
7/19/12,81.273598,226.169998,29,296.234259,27.595698,15.73
7/18/12,80.207272,217.470001,29.110001,290.090413,27.397751,15.7
7/17/12,80.29723,216.929993,28.09,288.077421,26.686938,15.6
7/16/12,80.293267,216.009995,28.25,287.173333,26.488991,15.65
7/13/12,80.036605,218.389999,30.719999,287.972519,26.444002,15.74
7/12/12,79.233555,215.360001,30.809999,284.955526,25.760183,15.69
7/11/12,79.965166,218.369995,30.969999,285.310166,26.363023,15.8
7/10/12,80.465255,219.5,31.469999,290.55993,26.758919,15.82
7/9/12,81.216706,225.050003,32.169998,292.712801,26.992857,15.75
7/6/12,80.156994,225.050003,31.73,292.697807,27.163813,15.78
7/5/12,80.694128,227.059998,31.469999,297.662856,27.622691,15.85
7/3/12,79.301023,229.529999,31.200001,293.621878,27.676677,15.98
7/2/12,78.389489,229.320007,30.77,289.945546,27.496724,15.84
6/29/12,77.262308,228.350006,31.1,289.745749,27.523717,15.83
6/28/12,75.284441,221.309998,31.360001,281.873596,26.911879,15.45
6/27/12,76.005469,225.619995,32.23,284.366112,27.145817,15.52
6/26/12,75.678696,225.610001,33.099998,282.058429,27.010853,15.35
6/25/12,75.512,220.070007,32.060001,280.070407,26.875889,15.44
6/22/12,77.010939,222.160004,33.049999,285.455033,27.622691,15.61
6/21/12,76.424856,220.570007,31.84,282.323161,27.118824,15.52
6/20/12,77.492502,223.020004,31.6,288.467038,27.829636,15.74
6/19/12,77.713448,224.029999,31.91,290.475012,27.622691,15.65
6/18/12,77.497794,222.660004,31.41,285.140358,26.848896,15.49
6/15/12,75.956519,218.350006,30.01,281.97351,27.010853,15.36
6/14/12,75.612542,214.449997,28.290001,279.24622,26.399015,15.36
6/13/12,75.695894,214.729996,27.27,280.265216,26.210064,15.34
6/12/12,76.225086,216.419998,27.4,282.268201,26.354027,15.47
6/11/12,75.564914,216.5,27.01,283.966519,26.003119,15.3
6/8/12,76.775446,218.479996,27.1,289.93557,26.67794,15.65
6/7/12,75.637681,218.800003,26.309999,288.826666,26.30004,15.36
6/6/12,75.603286,217.639999,26.809999,289.995487,26.408013,15.36
6/5/12,74.461551,213.210007,25.870001,284.920579,25.652212,15.1
6/4/12,74.6547,214.570007,26.9,289.00648,25.688202,15.01
6/1/12,74.218116,208.220001,27.719999,285.205295,25.598227,14.92
5/31/12,76.432797,212.910004,29.6,290.140354,26.264051,15.24
5/30/12,76.623304,209.229996,28.190001,293.821674,26.399015,15.25
5/29/12,75.710442,214.75,28.84,296.873645,26.596962,15.47
5/25/12,74.390105,212.889999,31.91,295.47005,26.147081,15.36
5/24/12,74.790973,215.240005,33.029999,301.528978,26.156079,15.35
5/23/12,75.484211,217.279999,32,304.426106,26.19207,15.38
5/22/12,73.686282,215.330002,31,300.100412,26.776915,15.29
5/21/12,74.256482,218.110001,34.029999,306.748784,26.767917,15.58
5/18/12,70.168461,213.850006,38.23,299.900615,26.336032,15.42
5/17/12,70.134066,218.360001,,311.214326,26.740924,14.87
5/16/12,72.245548,224.059998,,314.151389,26.902881,15.28
5/15/12,73.183543,224.389999,,305.250263,27.181807,15.4
5/14/12,73.85165,222.929993,,301.698816,27.424744,15.5
5/11/12,74.974867,227.679993,,302.3132,27.853814,15.19
5/10/12,75.478919,226.690002,,306.524016,27.478377,15.44
5/9/12,75.301646,222.979996,,304.271262,27.496255,15.3
5/8/12,75.169344,223.899994,,306.089446,27.263842,15.36
5/7/12,75.341333,225.160004,,303.472045,27.397926,15.35
5/4/12,74.78171,223.990005,,298.187334,27.692912,15.15
5/3/12,76.973895,229.449997,,305.205309,28.390152,15.4
5/2/12,77.524255,230.25,,303.327209,28.425907,15.67
5/1/12,77.01491,230.039993,,301.913607,28.613624,15.63
4/30/12,77.259659,231.899994,,302.12341,28.622565,15.54
4/27/12,79.77598,226.850006,,307.183354,28.586808,15.57
4/26/12,80.39778,195.990005,,307.428105,28.703016,15.53
4/25/12,80.702069,194.419998,,304.555978,28.783467,15.5
4/24/12,74.124187,190.330002,,300.335186,28.533175,15.43
4/23/12,75.635032,188.240005,,298.502008,28.711953,15.33
4/20/12,75.804378,189.979996,,297.73278,28.980122,15.6
4/19/12,77.717411,191.100006,,299.351167,27.719729,15.4
4/18/12,80.482452,191.070007,,303.422104,27.835935,15.49
4/17/12,80.662375,188.389999,,304.481035,28.104105,15.01
4/16/12,76.750314,185.5,,302.732776,27.782302,14.79
4/13/12,80.071,188.460007,,311.988542,27.540949,14.87
4/12/12,82.391515,190.690002,,325.180384,27.692912,15.06
4/11/12,82.845304,187.970001,,317.662871,27.129758,14.88
4/10/12,83.141653,186.979996,,313.117428,27.237025,14.99
4/9/12,84.172255,191.869995,,315.105449,27.80018,15.1
4/5/12,83.834891,194.389999,,315.844688,28.175617,15.07
4/4/12,82.595256,193.990005,,317.258289,27.898508,15.27
4/3/12,83.258071,199.660004,,320.989551,28.551053,15.18
4/2/12,81.843805,198.050003,,323.137403,28.863918,15.46
3/30/12,79.319549,202.509995,,320.300254,28.837098,15.22
3/29/12,80.683544,204.610001,,323.88166,28.711953,15.3
3/28/12,81.710182,201.160004,,327.553004,28.774526,15.32
3/27/12,81.294766,205.440002,,323.187375,29.069513,15.43
3/26/12,80.302522,202.869995,,324.341201,29.132086,15.54
3/23/12,78.856504,195.039993,,320.974587,28.613624,15.39
3/22/12,79.291767,192.399994,,322.702863,28.604687,15.49
3/21/12,79.709826,191.729996,,319.670874,28.524236,15.51
3/20/12,80.167578,192.330002,,316.429113,28.595748,15.41
3/19/12,79.524611,185.520004,,316.673864,28.783467,15.15
3/16/12,77.470013,185.050003,,312.208321,29.141023,15.18
3/15/12,77.468692,184.429993,,310.255278,29.364497,14.89
3/14/12,78.000533,182.259995,,307.687849,29.292987,14.63
3/13/12,75.15876,184.589996,,308.581962,29.203596,14.55
3/12/12,73.028752,183.389999,,302.273235,28.640443,14.49
3/9/12,72.125159,184.320007,,299.825703,28.595748,14.63
3/8/12,71.704444,187.639999,,303.267261,28.613624,14.62
3/7/12,70.209476,183.770004,,303.097423,28.461663,14.62
3/6/12,70.152585,181.089996,,302.17834,28.211372,14.42
3/5/12,70.536256,180.259995,,306.818708,28.425907,14.62
3/2/12,72.126481,179.300003,,310.315226,28.6762,14.72
3/1/12,72.032545,180.039993,,310.889645,28.863918,14.93
2/29/12,71.763985,179.690002,,308.816705,28.372273,14.83
2/28/12,70.833925,183.800003,,308.886629,28.488481,14.9
2/27/12,69.557246,178.529999,,304.351163,28.023654,14.86
2/24/12,69.114041,179.130005,,304.645885,28.13986,14.89
2/23/12,68.317604,178.889999,,302.752759,28.041533,14.78
2/22/12,67.874406,180.580002,,303.666854,27.952143,14.5
2/21/12,68.11387,182.259995,,306.693824,28.104105,14.75
2/17/12,66.429709,182.5,,302.018509,27.934264,15.01
2/16/12,66.441614,179.929993,,302.957574,27.970021,15.36
2/15/12,65.840976,184.470001,,302.47805,26.861588,15.12
2/14/12,67.400777,191.300003,,304.575961,27.040368,15.37
2/13/12,66.493214,191.589996,,305.794723,27.156575,16.120001
2/10/12,65.278711,185.539993,,302.652876,27.085531,16.139999
2/9/12,65.245637,184.979996,,305.425089,27.325305,16
2/8/12,63.064037,185.479996,,304.620914,27.227619,15.78
2/7/12,62.025493,184.190002,,303.082428,26.952324,15.83
2/6/12,61.382518,183.139999,,304.241273,26.819117,15.82
2/3/12,60.814961,187.679993,,297.867641,26.854638,15.92
2/2/12,60.21168,181.720001,,292.263236,26.597104,15.72
2/1/12,60.353237,179.460007,,290.12536,26.54382,15.73
1/31/12,60.391603,194.440002,,289.765732,26.224123,15.47
1/30/12,59.932529,192.149994,,288.556945,26.295167,15.55
1/27/12,59.174461,195.369995,,289.700796,25.957707,15.74
1/26/12,58.823867,193.320007,,283.766722,26.197481,15.53
1/25/12,59.092434,187.800003,,284.461038,26.250763,15.56
1/24/12,55.619599,187,,290.175332,26.055393,15.69
1/23/12,56.545688,186.089996,,292.468021,26.401732,15.68
1/20/12,55.605048,190.929993,,292.702795,26.383971,15.96
1/19/12,56.590671,194.449997,,319.46609,24.971972,16.120001
1/18/12,56.770597,189.440002,,316.13941,25.069657,15.92
1/17/12,56.18716,181.660004,,313.976563,25.096299,15.43
1/13/12,55.540222,178.419998,,312.18335,25.087418,15.48
1/12/12,55.749251,175.929993,,314.506029,24.865406,15.66
1/11/12,55.902717,178.899994,,312.667863,24.616751,15.53
1/10/12,55.994003,179.339996,,311.259279,24.723318,15.51
1/9/12,55.794234,178.559998,,310.919604,24.634512,15.46
1/6/12,55.882874,182.610001,,324.685865,24.963092,15.52
1/5/12,55.304729,177.610001,,329.176378,24.58123,15.64
1/4/12,54.697481,177.509995,,333.80677,24.332575,15.78
1/3/12,54.4051,179.029999,,332.373186,23.773104,16.290001
12/30/11,53.580881,173.100006,,322.62792,23.053782,16.129999
12/29/11,53.596757,173.860001,,320.879661,23.107067,16.129999
12/28/11,53.268656,173.889999,,319.531026,22.929456,15.78
12/27/11,53.783297,176.270004,,319.805735,23.124828,16.09
12/23/11,53.359942,177.279999,,316.254288,23.115947,16.190001
12/22/11,52.727555,179.029999,,314.536018,22.920575,16
12/21/11,52.449729,174.350006,,312.597938,22.876173,15.99
12/20/11,52.383579,182.520004,,314.870675,23.115947,15.11
12/19/11,50.565798,179.330002,,310.604929,22.671922,14.62
12/16/11,50.408361,181.259995,,312.667863,23.089305,14.96
12/15/11,50.133181,181.259995,,309.461079,22.698563,15.16
12/14/11,50.298556,180.210007,,308.726798,22.725205,15.02
12/13/11,51.438967,180.509995,,312.503043,22.876173,15.42
12/12/11,51.839832,189.520004,,312.383147,22.654161,15.47
12/9/11,52.075325,193.029999,,313.397156,22.822891,15.94
12/8/11,51.68372,190.479996,,307.717808,22.556475,15.61
12/7/11,51.476012,195.320007,,311.384164,22.734085,15.62
12/6/11,51.722085,191.990005,,311.573954,22.787368,15.84
12/5/11,51.994623,196.240005,,312.51302,22.822891,15.89
12/2/11,51.556714,196.029999,,309.870648,22.396625,16.049999
12/1/11,51.322545,197.130005,,306.578946,22.44991,16.23
11/30/11,50.564474,192.289993,,299.39612,22.716324,15.71
11/29/11,49.373788,188.389999,,291.174315,22.059167,15.7
11/28/11,49.760102,194.149994,,293.801692,22.085809,15.35
11/25/11,48.099755,182.399994,,281.219276,21.579619,15.1
11/23/11,48.552216,188.990005,,284.770724,21.730588,14.94
11/22/11,49.811698,192.339996,,289.710772,22.014765,14.97
11/21/11,48.819458,189.25,,290.18032,22.201255,14.99
11/18/11,49.60399,197.139999,,297.143366,22.467669,15.38
11/17/11,49.930765,204.520004,,300.135389,22.680803,15.34
11/16/11,50.904483,211.990005,,305.430107,23.151468,15.72
11/15/11,51.441613,217.830002,,307.972565,23.746462,15.93
11/14/11,50.175518,218.929993,,306.194317,23.586613,16
11/11/11,50.884636,217.389999,,303.871638,23.718825,16.27
11/10/11,50.964017,210.789993,,297.24328,23.163535,15.95
11/9/11,52.294938,211.220001,,300.175355,23.093022,15.92
11/8/11,53.743606,217.990005,,305.864648,23.939178,15.97
11/7/11,52.883668,217,,303.861662,23.621869,15.69
11/4/11,52.95114,216.479996,,297.772746,23.137092,15.24
11/3/11,53.325544,218.289993,,298.452066,23.383889,15.48
11/2/11,52.576735,215.619995,,292.118369,22.925553,15.1
11/1/11,52.457667,212.100006,,289.03647,22.907925,14.93
10/31/11,53.551774,213.509995,,296.024487,23.472029,15.64
10/28/11,53.574264,217.320007,,299.770743,23.780523,16.559999
10/27/11,53.539869,206.779999,,299.036462,24.018505,16.629999
10/26/11,52.998768,198.399994,,292.862626,23.436773,16.299999
10/25/11,52.624364,227.149994,,291.289223,23.630683,16.24
10/24/11,53.682751,237.610001,,297.912594,23.965621,16.709999
10/21/11,51.976101,234.779999,,294.950561,23.939178,16.120001
10/20/11,52.298909,233.610001,,291.54395,23.833409,16.18
10/19/11,52.736815,231.529999,,290.060424,23.912735,15.94
10/18/11,55.861705,243.880005,,294.960537,24.07139,15.47
10/17/11,55.564036,242.330002,,290.91457,23.780523,15.7
10/14/11,55.829953,246.710007,,295.544962,24.036134,15.91
10/13/11,54.034662,236.149994,,279.216261,23.956807,15.93
10/12/11,53.209122,236.809998,,273.976503,23.762895,15.77
10/11/11,52.957753,235.479996,,271.319137,23.798152,15.86
10/10/11,51.438967,231.320007,,268.317138,23.745268,15.84
10/7/11,48.923974,224.740005,,257.303137,23.137092,15.47
10/6/11,49.925473,221.509995,,257.098352,23.21642,15.65
10/5/11,50.041895,219.5,,252.098341,22.819783,15.92
10/4/11,49.281181,212.5,,250.699734,22.335007,14.46
10/3/11,49.559007,211.979996,,247.512918,21.621063,13.53
9/30/11,50.448052,216.229996,,257.263172,21.93837,13.17
9/29/11,51.671814,222.440002,,263.48698,22.431963,13.42
9/28/11,52.523815,229.710007,,264.156294,22.546546,14.19
9/27/11,52.821488,224.210007,,269.401071,22.625873,14.54
9/26/11,53.338774,229.850006,,265.679785,22.423148,14.75
9/23/11,53.48827,223.610001,,262.492954,22.08821,14.71
9/22/11,53.160173,223.229996,,260.070362,22.08821,13.99
9/21/11,54.525492,231.869995,,269.331146,22.907925,13.96
9/20/11,54.698802,233.25,,273.042425,23.780523,14.36
9/19/11,54.45802,241.690002,,273.062408,23.983248,14.61
9/16/11,52.985538,239.300003,,273.067396,23.903922,14.97
9/15/11,51.988006,226.779999,,271.00945,23.789338,14.89
9/14/11,51.503793,222.570007,,265.769692,23.357446,14.55
9/13/11,50.884636,219.529999,,264.49597,22.951996,14.26
9/12/11,50.265479,216.559998,,264.795649,22.819783,14.26
9/9/11,49.940025,211.389999,,262.163285,22.687572,14.48
9/8/11,50.821135,217.259995,,267.213253,23.110649,14.44
9/7/11,50.79335,219.899994,,266.748723,22.916739,13.61
9/6/11,50.239023,216.179993,,260.829614,22.484847,12.91
9/2/11,49.486243,210,,262.158297,22.740456,12.87
9/1/11,50.409686,212.539993,,265.984484,23.101835,13.35
8/31/11,50.912421,215.229996,,270.210264,23.445587,13.61
8/30/11,51.595079,210.919998,,270.080391,23.119464,13.84
8/29/11,51.592433,206.529999,,269.271198,22.775713,13.68
8/26/11,50.747046,199.270004,,263.167287,22.255679,12.74
8/25/11,49.442585,192.029999,,259.760676,21.656318,12.87
8/24/11,49.76804,193.729996,,261.38405,21.947184,13.15
8/23/11,49.426709,193.550003,,259.151279,21.78853,13.35
8/22/11,47.156465,177.539993,,248.836597,21.136284,12.84
8/19/11,47.102223,178.929993,,245.21521,21.197983,12.92
8/18/11,48.427856,182.520004,,252.188248,21.74446,12.96
8/17/11,50.33163,195.929993,,266.309134,22.255679,13.47
8/16/11,50.336922,197.679993,,269.231233,22.343821,13.48
8/15/11,50.724557,202.949997,,278.337143,22.343821,13.47
8/12/11,49.875199,202.300003,,281.603875,21.984708,13.59
8/11/11,49.439939,198.360001,,280.784706,22.063538,12.86
8/10/11,48.115631,194.130005,,274.231229,21.196412,11.77
8/9/11,49.480951,205.089996,,286.419069,22.405132,12.09
8/8/11,46.729143,193.699997,,272.737727,21.441659,11.09
8/5/11,49.429355,202.699997,,289.231278,22.492721,11.74
8/4/11,49.925473,201.479996,,288.472026,22.720451,12
8/3/11,51.93641,209.960007,,300.285244,23.578818,13.02
8/2/11,51.452197,211.699997,,295.90459,23.473711,12.76
8/1/11,52.489416,221.320007,,303.082428,23.885378,13.1
7/29/11,51.659905,222.520004,,301.543972,23.999242,13.1
7/28/11,51.837186,223.899994,,305.165344,24.279525,13.5
7/27/11,51.939056,222.520004,,303.307226,23.937931,13.59
7/26/11,53.370527,214.179993,,310.949593,24.594844,13.94
7/25/11,52.720939,213.490005,,309.181351,24.445944,13.69
7/22/11,52.032988,216.520004,,308.806729,24.113108,13.98
7/21/11,51.237876,213.210007,,303.192318,23.736478,13.59
7/20/11,51.186277,215.550003,,297.37814,23.701441,13.48
7/19/11,49.856677,218.059998,,300.974541,24.121867,14.59
7/18/11,49.453169,211.529999,,297.173325,23.289776,14.42
7/15/11,48.278357,212.869995,,298.512015,23.456195,14.69
7/14/11,47.332424,210.380005,,264.206235,23.184669,14.63
7/13/11,47.365498,213.5,,268.861598,23.324811,14.91
7/12/11,46.800583,211.229996,,266.738717,23.245983,14.86
7/11/11,46.83366,212.550003,,263.37709,23.324811,15.05
7/8/11,47.589082,218.279999,,265.729727,23.578818,15.61
7/7/11,47.257014,216.740005,,273.02743,23.447436,15.81
7/6/11,46.537308,214.190002,,267.41305,23.062046,15.72
7/5/11,46.229054,213.190002,,265.954494,22.799281,15.49
7/1/11,45.412773,209.490005,,260.255195,22.790522,15.45
6/30/11,44.408628,204.490005,,252.937493,22.773004,15.04
6/29/11,44.192982,204.179993,,248.536887,22.440169,14.89
6/28/11,44.354386,202.350006,,246.57884,22.597826,14.95
6/27/11,43.928382,201.25,,241.159253,22.072297,14.88
6/24/11,43.175606,192.550003,,237.203209,21.283999,14.89
6/23/11,43.821224,194.160004,,239.870535,21.573041,15.08
6/22/11,42.680809,191.630005,,243.262151,21.590559,15.23
6/21/11,43.036692,194.229996,,246.254174,21.686907,15.35
6/20/11,41.716354,187.720001,,242.048362,21.4329,14.99
6/17/11,42.369906,186.369995,,242.268141,21.248965,14.7
6/16/11,43.018169,183.649994,,249.935494,21.021235,14.78
6/15/11,43.228523,185.979996,,251.224212,20.793504,14.81
6/14/11,43.981303,189.960007,,253.931504,21.213929,15.2
6/13/11,43.20868,186.289993,,252.11332,21.056271,15.16
6/10/11,43.116072,186.529999,,254.500935,20.767227,15.2
6/9/11,43.855618,189.679993,,258.107342,20.986198,15.22
6/8/11,43.954843,188.050003,,259.326105,20.968682,15.1
6/7/11,43.928382,187.550003,,259.256181,21.073787,15.45
6/6/11,44.722174,185.690002,,260.270189,21.029994,15.45
6/3/11,45.436588,188.320007,,261.279179,20.942405,15.68
6/2/11,45.788499,193.649994,,263.766677,21.213929,16.02
6/1/11,45.710443,192.399994,,262.537907,21.397865,15.85
5/31/11,46.017375,196.690002,,264.246201,21.905878,16.549999
5/27/11,44.638826,194.130005,,260.190258,21.686907,16.02
5/26/11,44.319988,195,,258.806646,21.608077,15.98
5/25/11,44.555477,192.259995,,259.575874,21.187653,16.15
5/24/11,43.948229,193.270004,,258.871582,21.152617,16.139999
5/23/11,44.240607,196.220001,,258.936518,21.170135,16.059999
5/20/11,44.349094,198.649994,,261.753685,21.450418,16.299999
5/19/11,45.051599,198.800003,,265.360092,21.651871,16.35
5/18/11,44.96428,197.089996,,264.640806,21.625595,15.96
5/17/11,44.470808,194.809998,,264.965487,21.476695,16
5/16/11,44.095079,192.509995,,258.951482,21.380347,15.81
5/13/11,45.047628,202.559998,,264.510934,21.780632,16.549999
5/12/11,45.850679,206.070007,,267.258206,22.032983,17.17
5/11/11,45.937998,204.380005,,267.458003,22.067791,17.200001
5/10/11,46.2317,203.940002,,271.059392,22.337547,18.549999
5/9/11,45.986948,200.800003,,268.571895,22.476776,18.559999
5/6/11,45.862588,197.600006,,267.383091,22.511584,18.65
5/5/11,45.874493,197.110001,,266.868589,22.441969,18.43
5/4/11,46.247576,199.970001,,267.627841,22.676917,18.200001
5/3/11,46.066329,198.449997,,266.678769,22.459372,17.92
5/2/11,45.812313,201.190002,,269.011453,22.328845,18.139999
4/29/11,46.321662,195.809998,,271.778678,22.555092,17.700001
4/28/11,45.874493,195.070007,,268.716731,23.242534,17.51
4/27/11,46.324308,196.630005,,268.61186,22.955375,17.26
4/26/11,46.360031,182.300003,,266.144315,22.790041,17.280001
4/25/11,46.702683,185.419998,,262.263198,22.285337,17.110001
4/21/11,46.397072,185.889999,,262.288169,22.20702,16.85
4/20/11,45.300319,183.869995,,262.602843,22.415863,16.870001
4/19/11,44.698359,178.820007,,260.504933,21.885052,16.120001
4/18/11,43.903247,178.339996,,263.15728,21.82414,16.35
4/15/11,43.322456,180.009995,,265.085383,22.076493,16.620001
4/14/11,43.978657,181.820007,,288.966515,22.120002,16.690001
4/13/11,44.469483,182.289993,,287.852654,22.302739,16.639999
4/12/11,43.976011,180.479996,,285.020462,22.311441,16.360001
4/11/11,43.764332,184.039993,,288.397084,22.607303,16.59
4/8/11,44.327926,184.710007,,288.791689,22.685619,16.77
4/7/11,44.727466,184.910004,,289.710772,22.798743,17
4/6/11,44.722174,182.759995,,286.803698,22.755233,17.049999
4/5/11,44.834628,185.289993,,284.261241,22.433267,17.110001
4/4/11,45.138915,182.940002,,293.546965,22.233125,16.870001
4/1/11,45.584762,180.130005,,295.604911,22.172212,16.84
3/31/11,46.10734,180.130005,,293.087424,22.093896,16.68
3/30/11,46.123217,179.419998,,290.629855,22.285337,16.74
3/29/11,46.43147,174.619995,,290.574925,22.180914,16.75
3/28/11,46.362677,169.350006,,287.393112,22.1113,16.58
3/25/11,46.508205,170.979996,,289.58093,22.294039,16.959999
3/24/11,45.639004,171.100006,,293.15236,22.459372,16.83
3/23/11,44.874319,165.320007,,290.789717,22.224424,16.129999
3/22/11,45.140239,162.600006,,288.372113,22.015579,16.360001
3/21/11,44.88887,164.520004,,287.962543,22.041685,16.290001
3/18/11,43.747135,161.820007,,280.250221,21.580489,16.030001
3/17/11,44.272359,160.970001,,280.400077,21.563086,15.86
3/16/11,43.659819,164.699997,,278.272207,21.571788,15.91
3/15/11,45.699859,165.080002,,284.495984,22.093896,16.33
3/14/11,46.775447,166.729996,,284.710776,22.354951,17.309999
3/11/11,46.567739,168.070007,,288.067414,22.346249,17.42
3/10/11,45.863909,166.139999,,289.860627,22.1113,17.059999
3/9/11,46.63124,169.050003,,295.589916,22.528986,17.65
3/8/11,47.066503,166.889999,,295.859637,22.54639,16.940001
3/7/11,47.013583,169.080002,,295.534986,22.381055,16.700001
3/4/11,47.627448,171.669998,,300.010505,22.581198,17.08
3/3/11,47.569238,172.789993,,304.476047,22.798743,16.860001
3/2/11,46.584936,172.020004,,300.095424,22.694321,16.629999
3/1/11,46.213178,169.440002,,300.080429,22.763935,16.1
2/28/11,46.729143,173.289993,,306.394144,23.129412,16.4
2/25/11,46.061037,177.240005,,304.715809,23.103306,16.5
2/24/11,45.362499,177.75,,304.106413,23.294746,16.370001
2/23/11,45.3281,176.679993,,305.355165,23.138114,16.58
2/22/11,44.797584,180.419998,,304.800728,23.138114,16.91
2/18/11,46.378553,186.5,,314.725808,23.547098,17.66
2/17/11,47.402542,187.759995,,312.318211,23.677625,17.77
2/16/11,48.041542,186.619995,,311.798721,23.512292,17.76
2/15/11,47.614221,189.029999,,311.763774,23.46008,17.200001
2/14/11,47.518964,190.419998,,313.761772,23.5558,16.889999
2/11/11,47.21071,189.25,,311.9386,23.573102,16.85
2/10/11,46.905099,186.210007,,307.912617,23.789369,16.620001
2/9/11,47.38402,185.300003,,307.942576,24.19595,16.43
2/8/11,46.992418,183.059998,,308.881641,24.464122,16.6
2/7/11,46.553184,176.429993,,306.838691,24.394917,16.799999
2/4/11,45.84142,175.929993,,305.185327,24.022938,16.790001
2/3/11,45.436588,173.710007,,304.770739,23.919129,16.690001
2/2/11,45.553009,173.529999,,305.69484,24.169999,16.57
2/1/11,45.646942,172.110001,,305.215316,24.213252,16.379999
1/31/11,44.891516,169.639999,,299.880632,23.988334,16.120001
1/28/11,44.465516,171.139999,,300.195307,24.005636,15.83
1/27/11,45.406157,184.449997,,308.087443,24.974513,16.200001
1/26/11,45.49083,175.389999,,307.942576,24.896656,15.57
1/25/11,45.166696,176.699997,,309.645881,24.611184,16.02
1/24/11,44.644118,176.850006,,305.235299,24.550628,16.09
1/21/11,43.224556,177.419998,,305.609921,24.239205,15.97
1/20/11,44.013055,181.960007,,313.072475,24.524677,16.23
1/19/11,44.828015,186.869995,,315.559972,24.628484,16.309999
1/18/11,45.067475,191.25,,319.496049,24.792848,16.5
1/14/11,46.10337,188.75,,311.778769,24.481423,16.809999
1/13/11,45.732936,185.529999,,308.037501,24.386266,16.75
1/12/11,45.56624,184.080002,,308.127408,24.69769,16.65
1/11/11,45.198449,184.339996,,307.697825,24.317061,16.58
1/10/11,45.305611,184.679993,,306.798725,24.412217,16.6
1/7/11,44.468162,185.490005,,307.912617,24.740944,16.9
1/6/11,44.151967,185.860001,,306.444085,24.931258,17.059999
1/5/11,44.18769,187.419998,,304.231297,24.221903,16.91
1/4/11,43.829162,185.009995,,300.75975,24.299759,16.59
1/3/11,43.601607,184.220001,,301.873641,24.204601,16.75